Brand,Model,Mileage,Engine,Fuel,Paint_color,DrivenType,Car_type,Price,Year
BMW,5 Series,140411,100,Petrol,black,rear,convertible,11300,2012
BMW,5 Series,13929,317,Petrol,grey,rear,convertible,69700,2011
BMW,1 Series,183297,120,Diesel,white,rear,convertible,10200,2015
BMW,1 Series,128035,135,Diesel,red,rear,convertible,25100,2011
BMW,1 Series,97097,160,Diesel,silver,rear,convertible,33400,2012
BMW,1 Series,152352,225,Petrol,black,rear,convertible,17100,2012
BMW,1 Series,205219,145,Diesel,grey,rear,convertible,12400,2012
BMW,1 Series,115560,105,Petrol,white,rear,convertible,6100,2012
BMW,1 Series,123886,125,Petrol,black,rear,convertible,6200,2013
BMW,1 Series,139541,135,Diesel,white,rear,convertible,17300,2013
BMW,1 Series,77115,135,Diesel,blue,rear,convertible,19300,2013
BMW,1 Series,228000,145,Diesel,black,rear,convertible,13300,2013
BMW,1 Series,132025,135,Diesel,blue,rear,convertible,21700,2013
BMW,1 Series,77061,135,Diesel,black,rear,convertible,36300,2013
BMW,1 Series,174631,120,Diesel,black,rear,convertible,10500,2013
BMW,1 Series,208945,130,Diesel,grey,rear,convertible,8300,2013
BMW,1 Series,21167,135,Petrol,white,rear,convertible,21900,2011
BMW,1 Series,24521,270,Petrol,grey,rear,convertible,9200,2017
BMW,1 Series,205474,145,Diesel,grey,rear,convertible,11000,2017
BMW,1 Series,128940,110,Petrol,black,rear,convertible,7700,2017
BMW,1 Series,126213,225,Petrol,white,rear,convertible,16800,2017
BMW,1 Series,24868,100,Petrol,grey,full,convertible,31000,2017
BMW,1 Series,90401,135,Diesel,grey,full,convertible,26300,2017
BMW,1 Series,46963,140,Diesel,orange,full,convertible,23300,2017
BMW,1 Series,43662,180,Petrol,orange,full,convertible,20800,2017
BMW,1 Series,196092,85,Petrol,blue,full,convertible,1800,2017
BMW,1 Series,113678,190,Diesel,black,full,convertible,30100,2017
BMW,1 Series,65988,135,Diesel,grey,full,convertible,28700,2017
BMW,1 Series,123809,125,Petrol,black,full,convertible,6500,2017
BMW,1 Series,181252,120,Diesel,black,full,convertible,11100,2017
BMW,1 Series,195114,105,Diesel,red,full,convertible,9900,2017
BMW,1 Series,82761,110,Petrol,grey,full,convertible,9500,2017
BMW,1 Series,25050,100,Petrol,grey,full,convertible,31000,2017
BMW,1 Series,64832,135,Diesel,grey,full,convertible,27500,2017
BMW,1 Series,240788,120,Diesel,grey,full,convertible,5500,2016
BMW,1 Series,124516,125,Petrol,black,rear,convertible,6300,2016
BMW,1 Series,187294,105,Petrol,red,rear,convertible,2400,2016
BMW,1 Series,24452,270,Petrol,grey,rear,convertible,6800,2016
BMW,1 Series,17267,110,Diesel,white,rear,convertible,24200,2016
BMW,1 Series,194192,120,Diesel,beige,rear,convertible,11800,2016
BMW,1 Series,36696,120,Diesel,black,rear,convertible,34300,2016
BMW,X5,270907,236,Petrol,black,rear,convertible,12100,2016
BMW,X5,142483,180,Diesel,blue,rear,convertible,15800,2016
BMW,X5,223269,120,Diesel,blue,rear,convertible,8000,2016
BMW,X5,158805,130,Diesel,black,rear,convertible,9000,2016
BMW,X5,13131,110,Diesel,grey,rear,convertible,24300,2016
BMW,X5,187104,105,Petrol,red,rear,convertible,2600,2016
BMW,X5,20996,135,Petrol,black,rear,coupe,21400,2016
BMW,X5,50222,135,Diesel,grey,rear,coupe,26200,2016
BMW,X5,147180,100,Diesel,black,rear,coupe,8400,2016
BMW,X5,51618,105,Diesel,grey,rear,coupe,17100,2016
BMW,X5,104433,120,Diesel,silver,rear,coupe,7500,2016
BMW,X5,77334,135,Diesel,grey,rear,coupe,23800,2016
BMW,X5,55329,135,Diesel,black,rear,coupe,26500,2016
BMW,X5,14041,140,Diesel,blue,rear,coupe,27700,2016
BMW,X5,78638,160,Diesel,black,rear,coupe,18300,2016
BMW,X5,329173,110,Diesel,silver,rear,coupe,2300,2016
BMW,M235,34082,240,Petrol,grey,rear,coupe,30200,2016
BMW,1 Series,265751,85,Petrol,silver,rear,coupe,1000,2017
BMW,1 Series,181644,135,Diesel,blue,rear,coupe,19000,2017
BMW,1 Series,26062,225,Petrol,blue,rear,coupe,30500,2017
BMW,1 Series,56250,160,Diesel,blue,rear,coupe,28600,2017
BMW,1 Series,45536,250,Petrol,white,rear,coupe,38900,2017
BMW,1 Series,69695,230,Diesel,blue,rear,coupe,36300,2017
BMW,1 Series,61300,135,Diesel,black,rear,coupe,27700,2017
BMW,1 Series,197407,230,Diesel,blue,rear,coupe,32100,2017
BMW,1 Series,93066,135,Diesel,black,rear,coupe,11900,2017
BMW,X5,29925,309,Petrol,silver,rear,coupe,47000,2017
BMW,X5,67403,230,Diesel,black,rear,coupe,55200,2015
BMW,X5,199614,120,Diesel,black,rear,coupe,16100,2015
BMW,X5,27786,140,Diesel,white,rear,coupe,26200,2015
BMW,X5,80165,135,Diesel,white,rear,coupe,19500,2016
BMW,X5,69410,317,Petrol,white,rear,coupe,53600,2016
BMW,X5,170550,309,Petrol,grey,rear,coupe,28000,2017
BMW,X5,42077,135,Diesel,black,rear,coupe,22400,2017
BMW,X5,92527,230,Diesel,blue,rear,coupe,32000,2015
BMW,X5,23949,100,Diesel,blue,rear,coupe,26400,2015
BMW,X5,175311,130,Diesel,black,rear,coupe,8600,2015
BMW,X5,97806,230,Diesel,black,rear,coupe,31500,2015
BMW,X5,141346,230,Diesel,blue,rear,coupe,39900,2015
BMW,X5,220101,130,Diesel,black,rear,coupe,8900,2015
BMW,X5,64386,135,Diesel,grey,rear,coupe,23800,2015
BMW,X5,54993,135,Diesel,black,rear,coupe,18400,2015
BMW,X5,152383,135,Diesel,black,rear,coupe,16900,2015
BMW,X5,69736,240,Petrol,grey,rear,coupe,30000,2015
BMW,X5,202812,130,Diesel,silver,rear,coupe,8200,2015
BMW,X5,69768,230,Diesel,black,rear,coupe,36900,2015
BMW,X5,220296,130,Diesel,black,rear,coupe,7500,2016
BMW,X5,125965,135,Diesel,blue,rear,coupe,23400,2016
BMW,X5,193330,120,Diesel,grey,rear,coupe,23000,2016
BMW,X5,12402,170,hybrid_Petrol,grey,rear,coupe,95200,2016
BMW,X5,147130,135,Diesel,black,rear,coupe,23200,2016
BMW,X5,96260,135,Diesel,white,rear,coupe,25300,2016
BMW,X5,99283,309,Petrol,silver,rear,coupe,28600,2016
BMW,X5,48431,135,Diesel,grey,rear,coupe,27000,2016
BMW,X5,170862,170,Diesel,white,rear,coupe,9200,2016
BMW,X5,100154,135,Diesel,grey,rear,coupe,22500,2017
BMW,X5,187967,120,Petrol,grey,rear,coupe,3100,2017
BMW,530,39228,135,Diesel,grey,rear,coupe,14600,2017
BMW,530,90763,230,Diesel,white,rear,coupe,26100,2017
BMW,530,342768,135,Diesel,black,rear,coupe,8200,2017
BMW,530,188335,130,Diesel,grey,rear,coupe,8700,2017
BMW,530,37619,240,Petrol,black,rear,coupe,27700,2017
BMW,530,107375,135,Diesel,white,rear,coupe,23800,2017
BMW,530,87304,225,Petrol,white,rear,coupe,23500,2015
BMW,530,33947,135,Petrol,grey,rear,coupe,28000,2015
BMW,530,61429,135,Diesel,black,rear,coupe,26800,2015
BMW,530,149943,190,Petrol,black,rear,coupe,10500,2015
BMW,530,36139,230,Diesel,beige,rear,coupe,32100,2015
BMW,Series 5,41353,135,Diesel,black,rear,coupe,22000,2015
BMW,Series 5,121100,230,Diesel,black,rear,coupe,28600,2016
BMW,Series 5,80540,120,Petrol,black,rear,coupe,21800,2016
BMW,Series 5,126685,230,Diesel,black,rear,coupe,36500,2016
BMW,Series 5,12634,142,Diesel,grey,rear,coupe,17800,2016
BMW,Series 5,47902,140,Diesel,black,rear,coupe,30700,2017
BMW,Series 5,63421,230,Diesel,blue,rear,coupe,45800,2017
BMW,Series 5,70880,190,Diesel,blue,rear,coupe,28700,2017
BMW,Series 5,174740,135,Diesel,white,rear,coupe,22400,2017
BMW,Series 5,162327,190,Diesel,black,rear,coupe,23300,2015
BMW,Series 5,45299,120,Diesel,brown,rear,coupe,27600,2015
BMW,Series 5,268780,225,Petrol,white,rear,coupe,12900,2015
BMW,Series 5,61620,120,Diesel,blue,rear,coupe,26800,2015
BMW,Series 5,116134,135,Diesel,grey,rear,coupe,21800,2015
BMW,Series 5,46706,120,Diesel,blue,rear,coupe,24100,2015
BMW,Series 5,260217,120,Diesel,grey,rear,coupe,8500,2015
BMW,Series 5,143853,120,Diesel,black,rear,coupe,17000,2015
BMW,Series 5,65008,140,Diesel,white,rear,coupe,24200,2016
BMW,Series 5,189137,130,Diesel,grey,rear,coupe,8700,2016
BMW,Series 5,140694,120,Diesel,black,rear,coupe,18300,2016
BMW,Series 5,202363,120,Diesel,black,rear,coupe,7600,2016
BMW,Series 5,221500,155,Petrol,grey,rear,coupe,9300,2016
BMW,Series 5,47876,120,Diesel,blue,rear,coupe,25000,2016
BMW,Series 5,224613,130,Diesel,white,rear,coupe,8900,2016
BMW,Series 5,274992,210,Diesel,black,rear,coupe,19000,2016
BMW,Series 5,91931,135,Diesel,black,rear,coupe,12500,2015
BMW,Series 5,23886,110,Diesel,red,,coupe,16700,2015
BMW,Series 5,140464,105,Diesel,blue,,coupe,8900,2015
BMW,Series 5,50421,100,Diesel,grey,,coupe,17100,2015
BMW,Series 5,136545,230,Diesel,black,,coupe,29200,2016
BMW,M3,169970,309,Petrol,grey,,coupe,35700,2016
BMW,,122991,170,Diesel,green,,coupe,11300,2016
BMW,530,102178,120,Petrol,grey,,coupe,10700,2017
BMW,530,173302,210,Diesel,grey,,coupe,19300,2017
BMW,530,202811,120,Diesel,black,,coupe,7700,2017
BMW,530,169722,145,Diesel,grey,,coupe,8300,2015
BMW,530,129338,135,Diesel,blue,,coupe,12800,2015
BMW,530,186950,120,Petrol,grey,,coupe,2700,2015
BMW,530,34463,105,Diesel,blue,,coupe,23800,2015
BMW,530,110818,135,Diesel,black,,coupe,15000,2015
BMW,530,200510,135,Diesel,grey,,coupe,10900,2015
BMW,530,161794,190,Diesel,black,,coupe,23100,2015
BMW,530,227832,120,Diesel,black,,estate,5400,2015
BMW,530,108245,100,Diesel,brown,,estate,11700,2016
BMW,530,221018,135,Diesel,black,,estate,16500,2016
BMW,530,101658,100,Diesel,grey,,estate,11400,2016
BMW,530,163181,120,Diesel,grey,,estate,8200,2016
BMW,530,143180,135,Diesel,black,,estate,13100,2016
BMW,530,146310,85,Diesel,black,,estate,7600,2016
BMW,530,107560,190,Diesel,grey,,estate,14500,2016
BMW,530,78425,100,Diesel,beige,,estate,12700,2016
BMW,530,95078,140,Diesel,black,,estate,21300,2017
BMW,530,246424,120,Diesel,black,,estate,6000,2017
BMW,530,203950,105,Diesel,white,,estate,7900,2017
BMW,530,158002,85,Diesel,white,,estate,8900,2017
BMW,530,193476,105,Diesel,silver,,estate,6500,2017
BMW,530,209208,135,Diesel,black,,estate,800,2017
BMW,530,135119,85,Diesel,white,,estate,10900,2017
BMW,530,199603,120,Diesel,blue,,estate,13100,2017
BMW,530,41142,105,Diesel,blue,full,estate,18200,2015
BMW,530,46738,85,Diesel,black,full,estate,14400,2015
BMW,530,146639,135,Diesel,silver,full,estate,800,2015
BMW,530,159983,85,Diesel,grey,full,estate,800,2015
BMW,530,156627,85,Diesel,blue,full,estate,9000,2016
BMW,530,146338,105,Diesel,black,full,estate,13300,2016
BMW,530,270884,100,Diesel,blue,full,estate,1100,2016
BMW,530,175096,160,Diesel,blue,full,estate,6500,2016
BMW,530,155503,135,Diesel,blue,full,estate,12200,2017
BMW,530,134094,160,Diesel,white,full,estate,15800,2017
BMW,530,156885,100,Diesel,grey,full,estate,10200,2017
BMW,530,302525,100,Diesel,grey,full,estate,1000,2017
BMW,530,181052,120,Diesel,black,full,estate,11500,2015
BMW,530,106054,160,Diesel,black,full,estate,18700,2015
BMW,530,146528,140,Diesel,white,full,estate,18600,2015
BMW,530,183403,135,Diesel,grey,full,estate,11400,2015
BMW,530,130852,85,Diesel,white,full,estate,7700,2015
BMW,530,186697,135,Diesel,white,full,estate,2400,2015
BMW,530,132746,135,Diesel,white,full,estate,11900,2015
BMW,530,101013,120,Diesel,blue,full,estate,800,2015
BMW,530,130019,85,Diesel,white,full,estate,800,2015
BMW,530,90747,160,Diesel,grey,full,estate,11200,2016
BMW,530,145179,85,Diesel,brown,full,estate,9400,2016
BMW,530,87171,135,Diesel,silver,full,estate,18900,2016
BMW,530,110212,135,Diesel,black,full,estate,9000,2017
BMW,530,11917,110,Diesel,white,full,estate,23400,2017
BMW,530,12508,110,Diesel,white,full,estate,23700,2017
BMW,530,149525,190,Diesel,silver,full,estate,15400,2017
BMW,530,122357,105,Diesel,grey,rear,estate,13700,1995
BMW,530,165516,135,Diesel,blue,rear,estate,800,1995
BMW,530,158853,100,Diesel,black,rear,estate,10900,1995
BMW,530,167280,105,Diesel,white,rear,estate,13300,1996
BMW,530,69978,135,Diesel,grey,rear,estate,18000,1996
BMW,530,105105,105,Diesel,white,rear,estate,6000,1997
BMW,530,170164,105,Diesel,grey,rear,estate,800,1997
BMW,530,153585,105,Diesel,white,rear,estate,13600,2014
BMW,530,156127,190,Diesel,black,rear,estate,17800,2015
BMW,530,117722,122,Diesel,black,rear,estate,9200,2016
BMW,530,236095,135,Diesel,blue,rear,estate,6100,2013
BMW,530,142031,85,Diesel,black,rear,estate,13000,2014
BMW,530,150807,105,Diesel,black,rear,estate,11500,2015
BMW,530,185085,105,Diesel,white,rear,estate,9300,2010
BMW,530,163879,120,Diesel,grey,rear,estate,8600,2011
BMW,530,137744,200,Petrol,black,rear,estate,20200,2003
BMW,530,94829,85,Diesel,grey,rear,estate,12600,2015
BMW,530,127461,190,Diesel,silver,rear,estate,800,2016
BMW,530,58673,135,Diesel,grey,rear,estate,18200,2017
BMW,530,183683,135,Diesel,black,rear,estate,1200,2014
BMW,530,153236,135,Diesel,blue,rear,estate,11900,2014
BMW,530,65933,105,Diesel,white,rear,estate,15100,2014
BMW,530,77419,120,Diesel,grey,rear,estate,12000,2014
BMW,530,170322,120,Diesel,black,rear,estate,12700,2015
BMW,530,83133,85,Diesel,white,rear,estate,14300,2015
BMW,530,140324,135,Diesel,silver,rear,estate,7700,2015
BMW,530,147097,105,Diesel,black,rear,estate,800,2015
BMW,530,132871,85,Diesel,grey,rear,estate,4300,2017
BMW,530,109741,100,Diesel,grey,rear,estate,12100,2015
BMW,530,168016,135,Diesel,red,rear,estate,12100,2016
BMW,530,238036,120,Diesel,black,rear,estate,12900,2017
BMW,530,147228,85,Diesel,silver,rear,estate,10600,2017
BMW,530,159659,190,Diesel,black,rear,estate,20200,2001
BMW,530,123340,105,Diesel,brown,rear,estate,14200,2001
BMW,530,168068,100,Diesel,grey,rear,estate,8000,2002
BMW,530,163601,120,Diesel,beige,rear,estate,11700,2006
BMW,530,149108,135,Diesel,white,rear,estate,11300,2006
BMW,530,173446,135,Diesel,black,rear,estate,15600,2016
BMW,530,197516,135,Diesel,black,rear,estate,10100,2017
BMW,530,170832,100,Diesel,blue,rear,estate,10200,2015
BMW,530,149085,135,Diesel,black,rear,estate,14900,2016
BMW,530,255957,230,Diesel,grey,rear,estate,17800,2017
BMW,530,175024,135,Diesel,blue,rear,estate,13700,2015
BMW,530,132731,100,Diesel,grey,rear,estate,12500,2015
BMW,530,214691,120,Diesel,black,rear,estate,5100,2016
BMW,530,177568,120,Diesel,brown,rear,estate,10200,2016
BMW,530,106878,135,Diesel,white,rear,estate,15400,2017
BMW,530,144727,105,Diesel,white,rear,estate,14300,2017
BMW,320 Gran Turismo,46731,140,Diesel,blue,rear,estate,11900,2016
BMW,520,150969,135,Diesel,blue,rear,estate,800,2014
BMW,520,164900,100,Diesel,silver,rear,estate,7300,2015
BMW,520,150002,100,Diesel,red,rear,estate,10700,2016
BMW,520,117872,85,Diesel,black,rear,estate,10400,2015
BMW,520,66314,135,Diesel,white,rear,estate,16100,2015
BMW,520,216114,105,Diesel,blue,rear,estate,9900,2016
BMW,520,159505,100,Diesel,grey,rear,estate,10000,2016
BMW,520,221904,100,Diesel,blue,rear,estate,1200,2017
BMW,520,147243,120,Diesel,blue,rear,estate,16300,2017
BMW,520,140638,160,Diesel,black,rear,estate,17800,2015
BMW,520,123796,135,Diesel,black,rear,estate,15600,2016
BMW,520,201102,85,Diesel,black,rear,estate,8800,2017
BMW,520,238592,90,Diesel,grey,rear,estate,3900,2015
BMW,520,182798,105,Diesel,white,rear,estate,10500,2015
BMW,520,116868,105,Diesel,white,rear,estate,13700,2015
BMW,520,64486,100,Diesel,blue,rear,estate,12400,2016
BMW,520,167013,100,Diesel,black,rear,estate,12400,2017
BMW,520,319724,90,Diesel,grey,rear,estate,3000,2017
BMW,520,103683,120,Diesel,black,rear,estate,10400,2015
BMW,520,73416,120,Diesel,blue,rear,estate,16800,2015
BMW,520,142724,120,Diesel,black,rear,estate,14800,2015
BMW,520,127017,120,Diesel,grey,rear,estate,13100,2015
BMW,520,151391,120,Diesel,grey,rear,estate,15200,2016
BMW,520,88985,135,Diesel,grey,rear,estate,18100,2016
BMW,520,186684,120,Diesel,brown,rear,estate,11400,2016
BMW,520,156756,120,Diesel,black,rear,estate,13700,2016
BMW,520,236259,135,Diesel,blue,rear,estate,6400,2017
BMW,520,233375,135,Diesel,black,rear,estate,9600,2017
BMW,520,195032,100,Diesel,grey,rear,estate,4900,2017
BMW,520,228885,100,Diesel,grey,rear,estate,6000,2017
BMW,520,214613,85,Diesel,white,rear,estate,8200,2015
BMW,520,154190,105,Diesel,black,rear,estate,11300,2015
BMW,520,243093,110,Diesel,grey,rear,estate,1400,2016
BMW,520,79526,105,Diesel,white,rear,estate,14900,2016
BMW,520,169449,135,Diesel,brown,rear,estate,10600,2016
BMW,520,157968,120,Diesel,grey,rear,estate,14200,2017
BMW,520,161034,120,Diesel,black,rear,estate,15000,2017
BMW,520,197704,100,Diesel,brown,rear,estate,9400,2015
BMW,520,83268,85,Diesel,brown,rear,estate,12300,2015
BMW,520,139999,120,Diesel,blue,rear,estate,15000,2015
BMW,520,139649,105,Diesel,white,rear,estate,9900,2015
BMW,520,173160,122,Diesel,grey,rear,estate,13100,2016
BMW,520,80340,100,Diesel,grey,rear,estate,13200,2016
BMW,520,234787,230,Diesel,black,rear,estate,19200,2016
BMW,520,181297,105,Diesel,brown,rear,estate,13200,2016
BMW,520,223829,190,Diesel,black,rear,estate,20600,2017
BMW,520,163675,135,Diesel,brown,rear,estate,14900,2017
BMW,520,110136,120,Diesel,white,rear,estate,17800,2017
BMW,520,230212,150,Diesel,blue,rear,estate,14200,2017
BMW,520,125974,105,Diesel,grey,rear,estate,13800,2015
BMW,520,93866,140,Diesel,black,rear,estate,20300,2016
BMW,520,151555,230,Diesel,blue,rear,estate,22100,2017
BMW,520,132522,140,Diesel,black,rear,estate,20800,2015
BMW,520,150534,135,Diesel,brown,rear,estate,11300,2015
BMW,520,194410,85,Diesel,black,rear,estate,8400,2015
BMW,520,161581,105,Diesel,blue,rear,estate,12900,2016
BMW,520,194748,120,Diesel,black,rear,estate,12000,2016
BMW,520,165274,135,Diesel,silver,rear,estate,16400,2016
BMW,520,188155,135,Diesel,black,rear,estate,14800,2017
BMW,520,130335,135,Diesel,grey,rear,estate,14600,2017
BMW,520,148738,230,Diesel,grey,rear,estate,28800,2017
BMW,520,127511,140,Diesel,black,rear,estate,19900,2015
BMW,520,187176,190,Diesel,black,rear,estate,19800,2016
BMW,520,111523,120,Diesel,black,rear,estate,15600,2017
BMW,520,218341,120,Diesel,grey,rear,estate,5400,2000
BMW,520,172496,190,Diesel,black,rear,estate,20000,2000
BMW,520,149390,135,Diesel,white,rear,estate,11400,2000
BMW,520,171848,120,Diesel,black,rear,estate,12700,2001
BMW,520,180574,135,Diesel,white,rear,estate,14600,2001
BMW,520,243386,105,Diesel,white,rear,estate,7700,2001
BMW,520,123622,190,Diesel,black,rear,estate,25500,2002
BMW,520,94654,135,Diesel,black,rear,estate,17700,2002
BMW,520,164621,190,Diesel,white,rear,estate,25600,2002
BMW,520,86420,160,Diesel,brown,rear,estate,26700,2014
BMW,520,200121,135,Diesel,black,rear,estate,11400,2014
BMW,520,92856,190,Diesel,blue,rear,estate,25600,2014
BMW,520,75373,135,Diesel,blue,rear,estate,19900,2015
BMW,520,152137,135,Diesel,black,rear,estate,11700,2015
BMW,520,165851,105,Diesel,grey,rear,estate,10800,2015
BMW,520,171266,120,Diesel,white,rear,estate,16100,2016
BMW,520,161666,135,Diesel,black,rear,estate,15200,2016
BMW,520,229128,135,Diesel,white,rear,estate,13100,2016
BMW,520,130500,160,Diesel,silver,rear,estate,800,2007
BMW,520,168180,135,Diesel,black,rear,estate,15800,2007
BMW,520,106596,135,Diesel,black,rear,estate,12600,2008
BMW,520,164889,105,Diesel,grey,rear,estate,800,2008
BMW,520,165599,135,Diesel,black,rear,estate,16300,2001
BMW,520,159773,190,Diesel,grey,rear,estate,13700,2002
BMW,520,212710,110,Diesel,black,rear,estate,5000,2003
BMW,520,151246,135,Diesel,silver,rear,estate,13300,2012
BMW,520,84734,85,Diesel,grey,rear,estate,12600,2011
BMW,520,121436,230,Diesel,black,rear,estate,31300,2015
BMW,520,47771,135,Diesel,silver,rear,estate,13100,2011
BMW,520,164998,85,Diesel,black,rear,estate,11100,2012
BMW,520,129901,105,Diesel,blue,rear,estate,800,2012
BMW,520,109391,140,Diesel,grey,rear,estate,25500,2012
BMW,520,185141,105,Diesel,grey,rear,estate,11200,2012
BMW,520,140904,190,Diesel,white,rear,estate,20600,2013
BMW,520,109195,105,Diesel,white,rear,estate,13100,2013
BMW,520,129181,100,Diesel,grey,rear,estate,10600,2013
BMW,520,99600,120,Diesel,blue,rear,estate,14300,2013
BMW,520,75254,120,Diesel,blue,rear,estate,15000,2013
BMW,520,124822,100,Diesel,black,rear,estate,10500,2013
BMW,520,198759,105,Diesel,blue,rear,estate,9400,2013
BMW,520,125928,135,Diesel,silver,rear,estate,13600,2013
BMW,520,95636,105,Diesel,white,rear,estate,14500,2011
BMW,520,121742,135,Diesel,blue,rear,estate,15400,2017
BMW,520,217330,90,Diesel,black,rear,estate,5000,2017
BMW,520,109620,120,Diesel,grey,rear,estate,15400,2017
BMW,520,190639,105,Diesel,brown,rear,estate,9300,2017
BMW,520,136093,135,Diesel,white,rear,estate,13400,2017
BMW,520,146879,85,Diesel,brown,rear,estate,9900,2017
BMW,520,191556,122,Diesel,blue,rear,estate,12600,2017
BMW,520,147891,135,Diesel,black,rear,estate,17100,2017
BMW,520,198084,105,Diesel,blue,rear,estate,9700,2017
BMW,520,80403,140,Diesel,black,rear,estate,20000,2017
BMW,520,106442,135,Diesel,black,rear,estate,17300,2017
BMW,520,123353,135,Diesel,silver,rear,estate,17400,2017
BMW,520,161432,135,Diesel,black,rear,estate,14900,2017
BMW,520,85319,140,Diesel,grey,rear,estate,19300,2017
BMW,520,162550,122,Diesel,black,rear,estate,12100,2017
BMW,520,188982,120,Diesel,black,rear,estate,3800,2017
BMW,520,94987,105,Diesel,white,rear,estate,8600,2017
BMW,520,231261,180,Diesel,black,rear,estate,9500,2016
BMW,520,79964,85,Diesel,white,rear,estate,12900,2016
BMW,520,110913,100,Diesel,grey,rear,estate,15400,2016
BMW,520,181751,122,Diesel,black,rear,estate,12600,2016
BMW,520,102377,135,Diesel,blue,rear,estate,14600,2016
BMW,520,176702,135,Diesel,white,rear,estate,14500,2016
BMW,520,216144,100,Diesel,grey,rear,estate,11800,2016
BMW,520,169410,105,Diesel,white,rear,estate,13000,2016
BMW,520,201782,141,Petrol,blue,rear,estate,6200,2016
BMW,520,116892,105,Diesel,blue,rear,estate,10100,2016
BMW,520,124389,135,Diesel,black,rear,estate,17000,2016
BMW,520,161739,85,Diesel,grey,rear,estate,11000,2016
BMW,520,176557,85,Diesel,black,rear,estate,800,2016
BMW,520,193500,100,Diesel,black,rear,estate,12900,2016
BMW,520,144913,105,Diesel,blue,rear,estate,10200,2016
BMW,520,135491,120,Diesel,black,rear,estate,12600,2016
BMW,520,109600,100,Diesel,white,rear,estate,14900,2016
BMW,520,63604,100,Diesel,brown,rear,estate,9600,2016
BMW,520,119035,135,Diesel,grey,rear,estate,19000,2016
BMW,520,109012,135,Diesel,black,rear,estate,14300,2016
BMW,520,110323,120,Diesel,grey,rear,estate,14900,2016
BMW,520,158577,105,Diesel,black,rear,estate,11400,2016
BMW,520,160015,105,Diesel,black,rear,estate,12700,2016
BMW,520,106206,120,Diesel,blue,rear,estate,11200,2016
BMW,520,160911,135,Diesel,white,rear,estate,13600,2017
BMW,520,165731,155,Diesel,grey,rear,estate,15700,2017
BMW,520,115924,100,Diesel,white,rear,estate,15600,2017
BMW,520,168331,100,Diesel,silver,rear,estate,8000,2017
BMW,520,95534,160,Diesel,black,rear,estate,25200,2017
BMW,520,154178,160,Diesel,grey,rear,estate,15500,2017
BMW,520,120859,105,Diesel,red,rear,estate,11700,2017
BMW,520,121019,120,Diesel,brown,rear,estate,13100,2017
BMW,520,223390,190,Diesel,black,rear,estate,15600,2017
BMW,520,204150,150,Diesel,grey,rear,estate,15700,2017
BMW,520,200444,140,Diesel,black,rear,estate,16200,2015
BMW,520,165271,135,Petrol,black,rear,estate,11900,2015
BMW,520,119760,190,Diesel,black,rear,estate,25800,2015
BMW,520,121960,135,Diesel,silver,rear,estate,15200,2016
BMW,520,85238,105,Diesel,grey,rear,estate,13300,2016
BMW,520,255773,120,Diesel,grey,rear,estate,9900,2017
BMW,520,92526,135,Diesel,brown,rear,estate,15500,2017
BMW,520,160619,85,Diesel,black,rear,estate,11700,2015
BMW,520,165593,190,Diesel,grey,rear,estate,20900,2015
BMW,520,160800,135,Petrol,silver,rear,estate,10100,2015
BMW,520,152360,100,Diesel,grey,rear,estate,11100,2015
BMW,520,189348,230,Diesel,white,rear,estate,23500,2015
BMW,520,119576,85,Diesel,black,rear,estate,13100,2015
BMW,520,131164,190,Diesel,grey,rear,estate,27400,2015
BMW,520,95639,190,Diesel,black,rear,estate,23900,2015
BMW,520,260831,130,Diesel,blue,rear,estate,4500,2015
BMW,520,164633,85,Diesel,black,rear,estate,13700,2015
BMW,520,130433,135,Diesel,black,rear,estate,19000,2015
BMW,520,145903,135,Diesel,white,rear,estate,13800,2015
BMW,520,151490,135,Diesel,black,rear,estate,11700,2016
BMW,520,145918,120,Diesel,grey,rear,estate,10000,2016
BMW,520,134304,120,Diesel,black,rear,estate,15800,2016
BMW,520,271181,100,Diesel,blue,rear,estate,800,2016
BMW,520,72374,85,Diesel,red,rear,estate,9500,2016
BMW,520,113846,135,Diesel,grey,rear,estate,14200,2016
BMW,520,145193,85,Diesel,grey,rear,estate,11100,2016
BMW,520,199053,135,Diesel,white,rear,estate,9800,2016
BMW,520,158801,105,Diesel,black,rear,estate,12300,2016
BMW,520,149229,230,Diesel,blue,rear,estate,24300,2017
BMW,520,189325,100,Diesel,grey,rear,estate,10600,2017
BMW,520,234365,135,Diesel,black,rear,estate,16200,2017
BMW,520,126551,120,Diesel,black,rear,estate,16300,2017
BMW,520,204858,135,Diesel,black,rear,estate,10100,2017
BMW,520,110465,180,Diesel,grey,rear,estate,13700,2017
BMW,520,166404,120,Diesel,grey,rear,estate,11900,2017
BMW,520,189844,173,Diesel,grey,rear,estate,6600,2017
BMW,520,190417,110,Diesel,black,rear,estate,5500,2015
BMW,520,131871,100,Diesel,blue,rear,estate,13800,2015
BMW,520,107042,120,Diesel,black,rear,estate,14200,2015
BMW,520,115533,190,Diesel,black,rear,estate,23200,2015
BMW,520,126591,105,Diesel,black,rear,estate,12100,2015
BMW,520,193673,135,Diesel,silver,full,estate,12800,2015
BMW,520,111622,100,Diesel,black,full,estate,15400,2016
BMW,520,95787,85,Diesel,black,full,estate,9900,2016
BMW,520,182768,160,Diesel,blue,full,estate,15400,2016
BMW,520,188160,135,Diesel,grey,full,estate,15800,2016
BMW,520,179770,105,Diesel,white,full,estate,12100,2017
BMW,520,146581,85,Diesel,brown,full,estate,10500,2017
BMW,520,316855,150,Diesel,black,full,estate,9400,2017
BMW,520,155270,190,Diesel,black,full,estate,17700,2017
BMW,520,156732,135,Diesel,brown,full,estate,15400,2015
BMW,520,137756,100,Diesel,blue,full,estate,12000,2015
BMW,520,164442,105,Diesel,brown,rear,estate,10100,2015
BMW,520,123782,135,Diesel,grey,rear,estate,18100,2015
BMW,520,94089,135,Diesel,grey,rear,estate,14600,2015
BMW,520,63587,135,Diesel,silver,rear,estate,18800,2015
BMW,520,309641,135,Diesel,black,rear,estate,10400,2015
BMW,520,138483,135,Diesel,black,rear,estate,20300,2015
BMW,520,172945,135,Diesel,grey,rear,estate,7500,2016
BMW,520,79812,190,Diesel,grey,rear,estate,20500,2016
BMW,520,169063,120,Diesel,black,rear,estate,6000,2016
BMW,520,119162,105,Diesel,black,rear,estate,11900,2016
BMW,520,156392,120,Diesel,grey,rear,estate,12100,2016
BMW,520,76452,120,Diesel,brown,rear,estate,19000,2016
BMW,520,178174,190,Diesel,blue,rear,estate,16500,2016
BMW,520,130878,120,Diesel,grey,rear,estate,15000,2016
BMW,520,212126,135,Diesel,blue,rear,estate,9500,2015
BMW,520,173722,100,Diesel,black,rear,estate,8200,2015
BMW,520,119417,135,Diesel,grey,rear,estate,16400,2015
BMW,520,3142,100,Diesel,blue,rear,estate,21400,2015
BMW,520,145081,85,Diesel,black,rear,estate,12600,2016
BMW,520,332702,110,Diesel,black,rear,estate,1500,2016
BMW,520,141717,105,Diesel,black,rear,estate,13000,2016
BMW,520,200023,137,Diesel,black,rear,estate,12100,2017
BMW,520,90251,135,Diesel,black,rear,estate,22100,2017
BMW,520,81104,85,Diesel,grey,rear,estate,14900,2017
BMW,520,158288,100,Diesel,brown,rear,estate,15700,2015
BMW,520,99809,85,Diesel,white,rear,estate,13900,2015
BMW,520,170350,105,Diesel,white,rear,estate,10200,2015
BMW,520,150880,135,Diesel,black,rear,estate,17700,2015
BMW,520,307725,120,Diesel,black,rear,estate,11000,2015
BMW,520,167125,135,Diesel,black,rear,estate,15500,2015
BMW,520,120872,100,Diesel,grey,rear,estate,12700,2015
BMW,520,166387,120,Diesel,grey,rear,estate,5400,2015
BMW,520,134108,135,Diesel,grey,rear,estate,11900,2016
BMW,520,141725,135,Diesel,beige,rear,estate,12400,2016
BMW,520,108352,140,Diesel,white,rear,estate,20200,2016
BMW,520,227691,135,Diesel,black,rear,estate,10500,2016
BMW,520,186202,135,Diesel,black,rear,estate,12300,2016
BMW,520,250531,120,Diesel,blue,rear,estate,5800,2016
BMW,520,157615,120,Diesel,brown,rear,estate,9900,2016
BMW,520,115132,120,Diesel,silver,rear,estate,17700,2016
BMW,520,174417,135,Diesel,black,rear,estate,15000,2017
BMW,520,149069,135,Diesel,blue,rear,estate,18400,2017
BMW,520,149135,135,Diesel,black,rear,estate,15000,2017
BMW,520,138515,100,Diesel,brown,rear,estate,8600,2017
BMW,520,161316,135,Diesel,white,rear,estate,16700,2017
BMW,520,104267,100,Diesel,brown,rear,estate,10600,2017
BMW,520,167761,105,Diesel,brown,rear,estate,9500,2017
BMW,520,202713,105,Diesel,silver,rear,estate,10100,2017
BMW,520,166080,190,Diesel,blue,rear,estate,24800,2015
BMW,520,105805,105,Diesel,blue,rear,estate,15500,2015
BMW,520,186893,105,Diesel,grey,rear,estate,11400,2015
BMW,520,255263,105,Diesel,black,rear,estate,6900,2015
BMW,520,159316,135,Diesel,grey,rear,estate,11600,2016
BMW,520,48747,135,Diesel,black,rear,estate,17800,2016
BMW,520,52923,105,Diesel,grey,rear,estate,30600,2016
BMW,520,245352,130,Diesel,green,rear,estate,6900,2016
BMW,520,155981,120,Diesel,blue,rear,estate,11200,2017
BMW,520,162079,135,Diesel,red,rear,estate,11300,2017
BMW,520,105097,135,Diesel,black,rear,estate,18600,2017
BMW,520,115498,135,Diesel,black,rear,estate,17400,2017
BMW,520,282959,135,Diesel,grey,rear,estate,12600,2015
BMW,520,123134,135,Diesel,black,rear,estate,16700,2015
BMW,520,186668,100,Diesel,grey,rear,estate,14200,2015
BMW,520,200614,135,Diesel,grey,rear,estate,10900,2015
BMW,520,253181,145,Diesel,black,rear,estate,6900,2015
BMW,520,14902,190,Diesel,white,rear,estate,33900,2015
BMW,520,313108,90,Diesel,black,rear,estate,3600,2015
BMW,520,134410,120,Diesel,black,rear,estate,13700,2015
BMW,520,65478,120,Diesel,white,rear,estate,14600,2015
BMW,520,289658,120,Diesel,blue,rear,estate,6900,2016
BMW,520,163803,135,Diesel,grey,rear,estate,13100,2016
BMW,520,111457,135,Diesel,black,rear,estate,18000,2016
BMW,520,122550,160,Diesel,black,rear,estate,15500,2017
BMW,520,152652,105,Diesel,white,rear,estate,12200,2017
BMW,520,41253,230,Diesel,red,rear,estate,36000,2017
BMW,520,106692,120,Diesel,blue,rear,estate,13800,2017
BMW,520,151683,105,Diesel,white,rear,estate,11200,1995
BMW,520,196079,140,Diesel,black,rear,estate,14500,1995
BMW,520,182009,190,Diesel,blue,rear,estate,22100,1995
BMW,520,76574,160,Diesel,white,rear,estate,30200,1996
BMW,520,135501,120,Diesel,black,rear,estate,10500,1996
BMW,520,164998,140,Diesel,blue,rear,estate,25300,1997
BMW,520,183119,120,Diesel,black,rear,estate,14400,1997
BMW,520,302006,100,Diesel,grey,rear,estate,500,2014
BMW,520,193485,100,Diesel,grey,rear,estate,7200,2015
BMW,520,34489,85,Diesel,black,rear,estate,13600,2016
BMW,520,155357,137,Diesel,grey,rear,estate,11300,2013
BMW,520,111903,135,Diesel,white,rear,estate,14600,2014
BMW,520,120794,135,Diesel,white,rear,estate,16400,2015
BMW,520,124588,160,Diesel,black,rear,estate,20700,2010
BMW,520,98138,135,Diesel,black,rear,estate,16700,2011
BMW,520,153575,160,Diesel,black,rear,estate,22700,2003
BMW,520,174393,85,Diesel,white,rear,estate,11300,2015
BMW,520,194678,120,Diesel,black,rear,estate,9000,2016
BMW,520,29668,85,Diesel,brown,rear,estate,20300,2017
BMW,520,157129,100,Diesel,blue,rear,estate,11500,2014
BMW,520,208638,120,Diesel,red,rear,estate,13400,2014
BMW,520,92840,140,Diesel,brown,rear,estate,19600,2014
BMW,520,204854,135,Diesel,black,rear,estate,15400,2014
BMW,520,177528,105,Diesel,black,rear,estate,12900,2015
BMW,520,73515,135,Petrol,blue,rear,estate,15200,2015
BMW,520,188264,135,Diesel,white,rear,estate,15500,2015
BMW,520,84321,105,Diesel,black,rear,estate,16100,2015
BMW,520,484615,120,Diesel,blue,rear,estate,8300,2017
BMW,520,88795,135,Diesel,blue,rear,estate,13200,2015
BMW,520,137921,135,Diesel,black,rear,estate,24300,2016
BMW,520,186211,120,Diesel,blue,rear,estate,12500,2017
BMW,520,211276,137,Diesel,blue,rear,estate,8300,2017
BMW,520,104961,100,Diesel,silver,rear,estate,10100,2001
BMW,520,124030,160,Diesel,black,rear,estate,22200,2001
BMW,520,160471,160,Diesel,black,rear,estate,15600,2002
BMW,520,179358,120,Diesel,black,rear,estate,100,2006
BMW,520,230225,120,Diesel,grey,rear,estate,6400,2006
BMW,520,77499,160,Diesel,white,rear,estate,14900,2016
BMW,520,145471,105,Diesel,black,rear,estate,10900,2017
BMW,520,166866,120,Diesel,blue,rear,estate,15000,2015
BMW,520,148836,160,Diesel,silver,rear,estate,17600,2016
BMW,520,139988,122,Diesel,black,rear,estate,14600,2017
BMW,520,110683,105,Diesel,black,rear,estate,14600,2015
BMW,520,133371,140,Diesel,grey,rear,estate,20100,2015
BMW,520,168103,137,Diesel,brown,rear,estate,12300,2016
BMW,520,94144,140,Diesel,black,rear,estate,20500,2016
BMW,520,199877,135,Diesel,grey,rear,estate,10500,2017
BMW,520,137629,190,Diesel,grey,rear,estate,21800,2017
BMW,520,153383,135,Diesel,black,rear,estate,9400,2016
BMW,520,47064,140,Diesel,black,rear,estate,22900,2014
BMW,520,121365,135,Diesel,grey,rear,estate,16400,2015
BMW,520,159986,190,Diesel,brown,rear,estate,20000,2016
BMW,520,331183,120,Diesel,black,rear,estate,4000,2015
BMW,520,177268,135,Diesel,blue,rear,estate,14500,2015
BMW,520,114771,135,Diesel,blue,rear,estate,800,2016
BMW,520,20597,140,Diesel,black,rear,estate,18600,2016
BMW,520,32976,140,Diesel,black,rear,estate,28800,2017
BMW,520,168639,173,Diesel,blue,rear,estate,10100,2017
BMW,520,115171,105,Diesel,white,rear,estate,800,2015
BMW,520,180953,135,Diesel,blue,rear,estate,12600,2016
BMW,520,154062,135,Diesel,black,rear,estate,16100,2017
BMW,520,147256,85,Diesel,blue,rear,estate,10000,2015
BMW,520,101747,135,Diesel,black,rear,estate,14900,2015
BMW,520,142424,85,Diesel,brown,rear,estate,10800,2015
BMW,520,269290,120,Diesel,silver,rear,estate,4200,2016
BMW,520,125666,135,Diesel,grey,rear,estate,17000,2017
BMW,520,214462,135,Diesel,brown,rear,estate,12700,2017
BMW,520,106053,100,Diesel,black,rear,estate,13400,2015
BMW,520,70444,140,Diesel,brown,rear,estate,21500,2015
BMW,520,224592,135,Diesel,black,rear,estate,11200,2015
BMW,520,175797,135,Diesel,black,rear,estate,8700,2015
BMW,520,123896,135,Diesel,blue,rear,estate,13400,2016
BMW,520,105421,135,Diesel,black,rear,estate,18600,2016
BMW,520,120081,120,Diesel,black,rear,estate,14900,2016
BMW,520,130450,190,Diesel,blue,rear,estate,17800,2016
BMW,520,178567,105,Diesel,black,rear,estate,9600,2017
BMW,520,122554,160,Diesel,black,rear,estate,16900,2017
BMW,520,141926,135,Diesel,grey,rear,estate,14500,2017
BMW,520,187691,100,Diesel,grey,rear,estate,11500,2017
BMW,520,201543,100,Diesel,grey,rear,estate,9900,2015
BMW,520,200285,120,Diesel,blue,rear,estate,8200,2015
BMW,520,147324,135,Diesel,blue,rear,estate,16100,2016
BMW,520,156697,180,Petrol,grey,rear,estate,14000,2016
BMW,520,140083,140,Diesel,black,rear,estate,18900,2016
BMW,520,201626,105,Diesel,black,rear,estate,11700,2017
BMW,520,78528,85,Diesel,grey,rear,estate,12600,2017
BMW,520,69975,120,Diesel,grey,rear,estate,17600,2015
BMW,520,106126,135,Diesel,grey,rear,estate,14000,2015
BMW,520,171512,120,Diesel,black,rear,estate,11600,2015
BMW,520,132221,190,Diesel,black,rear,estate,22400,2015
BMW,520,183315,105,Diesel,silver,rear,estate,12500,2016
BMW,520,192232,135,Petrol,grey,rear,estate,10700,2016
BMW,520,163998,100,Diesel,silver,rear,estate,12100,2016
BMW,520,155712,100,Diesel,blue,rear,estate,9500,2016
BMW,520,192730,190,Diesel,blue,rear,estate,21400,2017
BMW,520,163972,85,Diesel,black,rear,estate,10200,2017
BMW,520,195501,135,Diesel,white,rear,estate,10000,2017
BMW,520,134858,190,Diesel,white,rear,estate,16900,2017
BMW,520,107393,135,Diesel,white,rear,estate,15100,2015
BMW,520,159451,105,Diesel,black,rear,estate,12700,2016
BMW,520,147558,105,Diesel,white,rear,estate,100,2017
BMW,520,236009,135,Diesel,blue,rear,estate,4500,2015
BMW,520,161595,100,Diesel,black,rear,estate,9500,2015
BMW,520,153062,100,Diesel,grey,rear,estate,10800,2015
BMW,520,299054,135,Diesel,brown,rear,estate,11700,2016
BMW,520,152233,105,Diesel,blue,rear,estate,16900,2016
BMW,520,211430,190,Diesel,grey,rear,estate,17600,2016
BMW,520,152317,135,Diesel,grey,rear,estate,12700,2017
BMW,520,84275,120,Diesel,blue,rear,estate,16700,2017
BMW,520,209731,120,Diesel,grey,rear,estate,12500,2017
BMW,520,82406,105,Diesel,black,rear,estate,16400,2015
BMW,520,195644,100,Diesel,brown,rear,estate,10600,2016
BMW,520,172160,100,Diesel,black,rear,estate,9500,2017
BMW,520,157831,135,Diesel,grey,rear,estate,13700,2000
BMW,520,145306,100,Diesel,brown,rear,estate,10600,2000
BMW,520,200001,105,Diesel,brown,rear,estate,15400,2000
BMW,520,142340,140,Diesel,black,rear,estate,20200,2001
BMW,520,177041,160,Diesel,black,rear,estate,800,2001
BMW,520,160333,100,Diesel,white,rear,estate,9600,2001
BMW,520,98536,135,Diesel,grey,rear,estate,15600,2002
BMW,520,132747,105,Diesel,black,rear,estate,11900,2002
BMW,520,190196,105,Diesel,grey,rear,estate,10700,2002
BMW,520,134724,135,Diesel,grey,rear,estate,17700,2014
BMW,520,166676,135,Diesel,brown,rear,estate,15800,2014
BMW,520,168029,135,Diesel,silver,rear,estate,13400,2014
BMW,520,186700,105,Diesel,grey,rear,estate,10500,2015
BMW,520,234336,230,Diesel,black,rear,estate,19200,2015
BMW,520,127659,105,Diesel,blue,rear,estate,12500,2015
BMW,520,164900,120,Diesel,grey,rear,estate,11800,2016
BMW,520,301534,135,Diesel,black,rear,estate,9200,2016
BMW,520,129258,140,Diesel,blue,rear,estate,22600,2016
BMW,520,70138,160,Diesel,silver,rear,estate,20900,2007
BMW,520,77703,135,Diesel,black,rear,estate,21400,2007
BMW,520,262458,110,Diesel,grey,rear,estate,5000,2008
BMW,520,163777,120,Diesel,black,rear,estate,12700,2008
BMW,520,25974,120,Diesel,black,rear,estate,9500,2001
BMW,520,164400,135,Diesel,white,rear,estate,16200,2002
BMW,520,134804,135,Diesel,blue,rear,estate,19600,2003
BMW,520,101580,135,Diesel,black,rear,estate,13300,2012
BMW,520,178507,120,Diesel,black,rear,estate,11800,2011
BMW,520,164950,100,Diesel,white,rear,estate,10500,2015
BMW,520,248730,110,Diesel,grey,rear,estate,5100,2011
BMW,520,126444,140,Diesel,black,rear,estate,20100,2012
BMW,520,179056,122,Diesel,white,rear,estate,12100,2012
BMW,520,266607,150,Diesel,black,rear,estate,15300,2012
BMW,520,155136,120,Diesel,black,rear,estate,10700,2012
BMW,520,175642,150,Petrol,grey,rear,estate,14300,2013
BMW,520,106355,100,Diesel,blue,rear,estate,13100,2013
BMW,520,205474,135,Diesel,black,rear,estate,14600,2013
BMW,520,235022,110,Diesel,black,rear,estate,4300,2013
BMW,520,148632,190,Diesel,black,rear,estate,19200,2013
BMW,520,187608,135,Diesel,blue,rear,estate,11500,2013
BMW,520,175042,105,Diesel,blue,rear,estate,12100,2013
BMW,520,161215,105,Diesel,brown,rear,estate,800,2013
BMW,520,130121,190,Diesel,grey,rear,estate,20500,2011
BMW,520,314540,142,Diesel,blue,rear,estate,1300,2017
BMW,520,121430,105,Diesel,white,rear,estate,15600,2017
BMW,520,210105,85,Diesel,grey,rear,estate,8900,2017
BMW,520,199520,160,Diesel,silver,rear,estate,14900,2017
BMW,520,97634,120,Diesel,black,rear,estate,15100,2017
BMW,520,177557,120,Diesel,grey,rear,estate,11400,2017
BMW,520,154267,105,Diesel,black,rear,estate,11900,2017
BMW,520,258239,100,Diesel,blue,rear,estate,1900,2017
BMW,520,129614,105,Diesel,black,rear,estate,13400,2017
BMW,520,131474,85,Diesel,blue,rear,estate,10600,2017
BMW,520,178944,122,Diesel,blue,rear,estate,6500,2017
BMW,520,89989,135,Diesel,black,rear,estate,12900,2017
BMW,520,146248,100,Diesel,white,rear,estate,11300,2017
BMW,520,75269,85,Diesel,blue,rear,estate,8200,2017
BMW,520,257000,85,Diesel,black,rear,estate,8200,2017
BMW,520,172710,120,Diesel,black,rear,estate,13400,2017
BMW,520,150204,85,Diesel,blue,rear,estate,5700,2017
BMW,520,147098,105,Diesel,black,rear,estate,9600,2016
BMW,520,127670,100,Diesel,brown,rear,estate,12100,2016
BMW,520,123492,135,Diesel,silver,rear,estate,14900,2016
BMW,520,222723,120,Diesel,black,rear,estate,6100,2016
BMW,520,184754,190,Diesel,grey,rear,estate,19900,2016
BMW,520,140289,85,Diesel,blue,rear,estate,800,2016
BMW,520,192114,160,Diesel,white,rear,estate,18100,2016
BMW,520,140525,100,Diesel,blue,rear,estate,12000,2016
BMW,520,230451,130,Diesel,grey,rear,estate,7500,2016
BMW,520,223328,190,Diesel,black,rear,estate,15800,2016
BMW,520,135740,120,Diesel,brown,rear,estate,15200,2016
BMW,520,136158,137,Diesel,grey,rear,estate,14300,2016
BMW,520,133373,135,Diesel,black,rear,estate,13100,2016
BMW,520,151280,105,Diesel,blue,rear,estate,11500,2016
BMW,520,121332,160,Diesel,black,rear,estate,26300,2016
BMW,520,106463,100,Diesel,blue,rear,estate,13400,2016
BMW,520,60534,135,Diesel,blue,rear,estate,17700,2016
BMW,520,126607,135,Diesel,grey,rear,estate,19600,2016
BMW,520,156160,173,Diesel,grey,rear,estate,7700,2016
BMW,520,188791,120,Diesel,black,rear,estate,4500,2016
BMW,520,305358,120,Diesel,blue,rear,estate,4400,2016
BMW,520,127499,100,Diesel,grey,rear,estate,10600,2016
BMW,520,123531,135,Diesel,brown,rear,estate,22400,2016
BMW,520,158300,85,Diesel,white,rear,estate,9800,2016
BMW,520,184455,120,Diesel,blue,rear,estate,10400,2017
BMW,520,174259,105,Diesel,blue,rear,estate,12200,2017
BMW,520,65811,135,Diesel,black,rear,estate,23200,2017
BMW,520,131597,100,Diesel,black,rear,estate,11500,2017
BMW,520,149817,85,Diesel,white,rear,estate,11400,2017
BMW,520,206944,135,Diesel,grey,rear,estate,14100,2017
BMW,520,122998,135,Diesel,black,rear,estate,17600,2017
BMW,520,185238,135,Diesel,grey,rear,estate,21700,2017
BMW,520,163472,135,Diesel,brown,rear,estate,14600,2017
BMW,520,163376,120,Diesel,white,rear,estate,14800,2017
BMW,520,77008,85,Diesel,brown,rear,estate,10900,2015
BMW,520,152679,120,Diesel,grey,rear,estate,13700,2015
BMW,520,289948,120,Diesel,blue,rear,estate,7400,2015
BMW,520,157989,135,Diesel,grey,rear,estate,12600,2016
BMW,520,148328,190,Diesel,grey,rear,estate,23100,2016
BMW,520,176269,135,Diesel,black,rear,estate,3700,2017
BMW,520,19937,110,Diesel,black,rear,estate,22400,2017
BMW,520,163459,135,Diesel,black,rear,estate,13700,2015
BMW,520,144104,120,Diesel,white,rear,estate,16500,2015
BMW,520,308735,90,Diesel,blue,rear,estate,3700,2015
BMW,520,125207,85,Diesel,grey,rear,estate,10400,2015
BMW,520,200906,120,Diesel,black,rear,estate,13400,2015
BMW,520,181011,190,Diesel,blue,rear,estate,22200,2015
BMW,520,137667,137,Diesel,black,rear,estate,16400,2015
BMW,520,126368,190,Diesel,black,rear,estate,22000,2015
BMW,520,165421,135,Diesel,blue,rear,estate,9200,2015
BMW,520,129329,135,Diesel,silver,rear,estate,18800,2015
BMW,520,129826,120,Diesel,silver,rear,estate,13900,2015
BMW,520,143386,120,Diesel,black,rear,estate,19000,2015
BMW,520,135200,120,Diesel,black,rear,estate,15200,2016
BMW,320,127944,120,Diesel,brown,rear,estate,13800,2016
BMW,520,124523,120,Diesel,blue,rear,estate,15600,2016
BMW,520,260960,120,Diesel,black,rear,estate,5600,2016
BMW,318,151089,105,Diesel,silver,rear,estate,12100,2016
BMW,320,160017,135,Petrol,white,rear,estate,14300,2016
BMW,520,185387,120,Diesel,brown,rear,estate,7100,2016
BMW,520,150779,135,Diesel,blue,rear,estate,20300,2016
BMW,520,170856,120,Diesel,brown,rear,estate,14200,2016
BMW,520,210574,135,Diesel,black,rear,estate,11900,2017
BMW,320,106990,135,Diesel,white,rear,estate,16100,2017
BMW,525,154035,160,Diesel,black,rear,estate,23100,2017
BMW,320,143455,135,Diesel,black,rear,estate,14600,2017
BMW,320,309458,135,Diesel,black,rear,estate,9700,2017
BMW,318,162056,105,Diesel,red,rear,estate,9500,2017
BMW,525,44211,160,Diesel,black,rear,estate,7600,2017
BMW,320,183892,120,Diesel,grey,rear,estate,5000,2017
BMW,316,143651,85,Diesel,blue,rear,estate,14900,2015
BMW,520,188004,135,Diesel,grey,rear,estate,18100,2015
BMW,520,184731,135,Diesel,black,rear,estate,14000,2015
BMW,520,74833,120,Diesel,black,rear,estate,17100,2015
BMW,320,162609,135,Diesel,grey,rear,estate,16400,2015
BMW,530,144302,190,Diesel,black,rear,estate,21500,2015
BMW,318,117321,100,Diesel,grey,rear,estate,8000,2016
BMW,520,195902,140,Diesel,black,rear,estate,15600,2016
BMW,318,153125,105,Diesel,white,rear,estate,13100,2016
BMW,318,3478,100,Diesel,blue,rear,estate,21400,2016
BMW,520,167112,135,Diesel,black,rear,estate,18900,2017
BMW,320,175217,135,Diesel,grey,rear,estate,12600,2017
BMW,530,268961,190,Diesel,white,rear,estate,15800,2017
BMW,520,104531,135,Diesel,white,rear,estate,20200,2017
BMW,318,147933,100,Diesel,grey,rear,estate,10700,2015
BMW,318,157848,105,Diesel,white,rear,estate,13400,2015
BMW,316,81329,85,Diesel,grey,rear,estate,15800,2015
BMW,318,105026,105,Diesel,grey,rear,estate,15700,2015
BMW,520,122723,120,Diesel,grey,rear,estate,18000,2015
BMW,318,84120,105,Diesel,black,rear,estate,16300,2015
BMW,520,83215,135,Diesel,white,rear,estate,26800,2015
BMW,520,161815,135,Diesel,white,rear,estate,18800,2015
BMW,316,208925,85,Diesel,grey,rear,estate,8200,2016
BMW,518,179584,105,Diesel,black,rear,estate,14400,2016
BMW,525,160142,160,Diesel,blue,rear,estate,18600,2016
BMW,318,119781,100,Diesel,grey,rear,estate,11400,2016
BMW,525,134189,155,Diesel,grey,rear,estate,16100,2016
BMW,320,149074,135,Diesel,white,rear,estate,10800,2016
BMW,525,178000,160,Diesel,black,rear,estate,16400,2016
BMW,525,197565,120,Diesel,blue,rear,estate,1900,2016
BMW,525,39757,160,Diesel,grey,rear,estate,23500,2015
BMW,530,128249,190,Diesel,black,rear,estate,20100,2015
BMW,520,300676,120,Diesel,white,rear,estate,7600,2015
BMW,520,179339,120,Diesel,grey,rear,estate,11900,2015
BMW,318,143218,100,Diesel,silver,rear,estate,11800,2016
BMW,320,137833,120,Petrol,grey,rear,estate,6100,2016
BMW,318,236591,100,Diesel,grey,rear,estate,6700,2016
BMW,320,304719,110,Petrol,black,rear,estate,4200,2017
BMW,320,171275,120,Diesel,blue,rear,estate,11700,2017
BMW,330,107464,190,Diesel,grey,rear,estate,16700,2017
BMW,320,201589,137,Diesel,white,rear,estate,15000,2015
BMW,520,162610,135,Diesel,white,rear,estate,20500,2015
BMW,318,206361,105,Diesel,blue,rear,estate,11400,2015
BMW,320,114413,120,Diesel,brown,rear,estate,14100,2015
BMW,320,148909,135,Diesel,blue,rear,estate,800,2015
BMW,320,111093,135,Diesel,black,rear,estate,20100,2015
BMW,525,193694,160,Diesel,brown,rear,estate,19000,2015
BMW,320,187837,135,Diesel,black,rear,estate,15500,2015
BMW,318,198080,105,Diesel,silver,rear,estate,11400,2016
BMW,520,75367,120,Diesel,brown,rear,estate,17300,2016
BMW,520,191841,135,Diesel,black,rear,estate,19300,2016
BMW,X3,112349,130,Diesel,white,rear,estate,9500,2016
BMW,318,83117,105,Diesel,white,rear,estate,19300,2016
BMW,520,160986,135,Diesel,blue,rear,estate,14900,2016
BMW,318,177825,100,Diesel,silver,rear,estate,9900,2016
BMW,530,109270,190,Diesel,black,rear,estate,20700,2016
BMW,318,120833,100,Diesel,black,rear,estate,8100,2017
BMW,316,148637,85,Diesel,brown,rear,estate,10200,2017
BMW,520,246501,120,Diesel,grey,rear,estate,5500,2017
BMW,520,174042,135,Diesel,black,rear,estate,18400,2017
BMW,318,109416,105,Diesel,black,rear,estate,14300,2017
BMW,520,261161,120,Diesel,black,rear,estate,5000,2017
BMW,318,148429,100,Diesel,silver,rear,estate,10500,2017
BMW,320,174604,122,Diesel,black,rear,estate,12600,2017
BMW,525,102732,160,Diesel,grey,rear,estate,20300,2015
BMW,318,115521,100,Diesel,black,rear,estate,10800,2015
BMW,318,164550,100,Diesel,black,rear,estate,4900,2015
BMW,316,144165,85,Diesel,grey,rear,estate,11800,2015
BMW,520,273538,100,Diesel,silver,rear,estate,1300,2016
BMW,320,148188,135,Diesel,black,rear,estate,14000,2016
BMW,520,157807,120,Diesel,blue,rear,estate,13600,2016
BMW,530,191233,190,Diesel,grey,rear,estate,16700,2016
BMW,320,164973,135,Diesel,blue,rear,estate,800,2017
BMW,520,84454,120,Diesel,brown,rear,estate,21200,2017
BMW,320,183569,135,Diesel,brown,rear,estate,10700,2017
BMW,320,110239,135,Diesel,white,rear,estate,15400,2017
BMW,320,158735,135,Diesel,silver,rear,estate,14000,2015
BMW,320,100669,120,Diesel,black,rear,estate,12500,2015
BMW,316,80381,85,Diesel,grey,rear,estate,7700,2015
BMW,318,88562,100,Diesel,black,rear,estate,9400,2015
BMW,520,105886,135,Diesel,white,rear,estate,16700,2015
BMW,520,123492,120,Diesel,black,rear,estate,14400,2015
BMW,320,38620,135,Diesel,grey,rear,estate,19600,2015
BMW,318,139736,100,Diesel,grey,rear,estate,5800,2015
BMW,320,110286,120,Diesel,blue,rear,estate,6000,2015
BMW,316,157485,85,Diesel,brown,rear,estate,8400,2016
BMW,520,145050,120,Diesel,black,rear,estate,15800,2016
BMW,320,175035,135,Diesel,black,rear,estate,8200,2016
BMW,525,137237,160,Diesel,brown,rear,estate,18600,2017
BMW,525,197468,120,Diesel,blue,rear,estate,1900,2017
BMW,520,225684,110,Diesel,silver,rear,estate,5800,2017
BMW,318,150658,105,Diesel,grey,rear,estate,13300,2017
BMW,318,157661,100,Diesel,blue,rear,estate,7700,1995
BMW,316,127445,85,Diesel,grey,rear,estate,11100,1995
BMW,520,52378,120,Diesel,black,rear,estate,22400,1995
BMW,518,88459,100,Diesel,black,rear,estate,15100,1996
BMW,316,162756,85,Diesel,grey,rear,estate,11300,1996
BMW,318,216472,105,Diesel,black,rear,estate,8800,1997
BMW,318,178160,100,Diesel,grey,rear,estate,12300,1997
BMW,318,237294,100,Diesel,grey,rear,estate,6700,2014
BMW,520,140380,135,Diesel,black,rear,estate,19600,2015
BMW,X5,130343,160,Diesel,silver,rear,estate,16100,2016
BMW,X5,261166,150,Diesel,black,rear,estate,14000,2013
BMW,X5,171516,135,Diesel,black,rear,estate,15200,2014
BMW,X5,78520,135,Diesel,silver,rear,estate,17100,2015
BMW,X5,221832,120,Diesel,grey,rear,estate,11400,2010
BMW,X5,98377,160,Diesel,black,rear,estate,23200,2011
BMW,X5,134156,105,Diesel,grey,rear,estate,100,2003
BMW,X5,109653,135,Diesel,grey,rear,estate,21200,2015
BMW,X5,114112,135,Diesel,black,rear,estate,17300,2016
BMW,X5,223953,90,Diesel,grey,rear,estate,4200,2017
BMW,X5,241412,190,Diesel,blue,rear,estate,12000,2014
BMW,X5,145981,122,Diesel,silver,full,estate,15800,2014
BMW,X5,176695,135,Diesel,grey,rear,estate,15600,2014
BMW,X5,147073,122,Diesel,black,rear,estate,14900,2014
BMW,X5,136931,135,Diesel,grey,rear,estate,15200,2015
BMW,X5,207811,122,Diesel,black,rear,estate,6700,2015
BMW,X5,151272,160,Diesel,black,rear,estate,19000,2015
BMW,X5,180401,190,Diesel,white,rear,estate,14300,2015
BMW,X5,120723,230,Diesel,brown,rear,estate,26800,2017
BMW,X5,260969,150,Diesel,black,rear,estate,13800,2015
BMW,X5,157790,100,Diesel,silver,rear,estate,12700,2016
BMW,X5,169163,160,Diesel,silver,rear,estate,16900,2017
BMW,X5,127896,135,Diesel,black,full,estate,19800,2017
BMW,X5,110978,230,Diesel,black,full,estate,29600,2001
BMW,X5,124484,135,Diesel,white,full,estate,18000,2001
BMW,X5,184724,120,Diesel,grey,rear,estate,17400,2002
BMW,X5,191216,135,Diesel,silver,rear,estate,11300,2006
BMW,X5,148986,100,Diesel,black,rear,estate,12300,2006
BMW,X5,161618,120,Diesel,black,rear,estate,13300,2016
BMW,X5,124409,230,Diesel,silver,rear,estate,25300,2017
BMW,X5,152917,100,Diesel,grey,full,estate,8600,2015
BMW,X5,126425,120,Diesel,red,rear,estate,13000,2016
BMW,X5,289547,145,Diesel,blue,rear,estate,8100,2017
BMW,X5,178789,137,Diesel,black,rear,estate,12300,2015
BMW,X5,103658,230,Diesel,grey,rear,estate,30100,2015
BMW,X5,194522,120,Diesel,grey,rear,estate,12100,2016
BMW,X5,196992,110,Diesel,silver,rear,estate,5400,2016
BMW,X5,173233,105,Diesel,grey,rear,estate,11800,2017
BMW,X5,182351,135,Diesel,brown,rear,estate,9600,2017
BMW,X5,164454,100,Diesel,black,rear,estate,10700,2016
BMW,X5,137042,120,Diesel,grey,rear,estate,12900,2014
BMW,X5,99171,135,Diesel,grey,rear,estate,15500,2015
BMW,X5,171792,190,Diesel,silver,rear,estate,19200,2016
BMW,X5,43100,85,Diesel,black,rear,estate,15000,2015
BMW,X5,175235,190,Diesel,white,rear,estate,25100,2015
BMW,X5,140991,135,Diesel,black,rear,estate,14000,2016
BMW,X5,95860,190,Diesel,brown,rear,estate,27700,2016
BMW,X5,158574,120,Diesel,black,rear,estate,12700,2017
BMW,X5,111098,160,Diesel,blue,rear,estate,17700,2017
BMW,X5,144547,105,Diesel,black,rear,estate,15700,2015
BMW,X5,120632,135,Diesel,grey,rear,estate,12600,2016
BMW,X5,110887,120,Diesel,grey,rear,estate,17300,2017
BMW,X5,163108,135,Diesel,grey,rear,estate,11300,2015
BMW,X5,166667,100,Diesel,brown,rear,estate,10800,2015
BMW,X5,163299,140,Diesel,white,rear,estate,18100,2015
BMW,X5,165418,85,Diesel,blue,rear,estate,11300,2016
BMW,X5,143062,190,Diesel,blue,rear,estate,16500,2017
BMW,X5,107697,120,Diesel,blue,rear,estate,14400,2017
BMW,X5,362024,110,Diesel,black,rear,estate,5000,2015
BMW,X5,223140,100,Diesel,black,rear,estate,9300,2015
BMW,X5,170500,135,Diesel,black,rear,estate,10100,2015
BMW,X5,179647,100,Diesel,black,rear,estate,12700,2015
BMW,X5,179338,120,Diesel,black,rear,estate,12000,2016
BMW,X5,91973,120,Diesel,blue,rear,estate,15000,2016
BMW,X5,148770,120,Diesel,blue,rear,estate,16700,2016
BMW,X5,71483,135,Diesel,black,rear,estate,20800,2016
BMW,X5,153102,140,Diesel,white,rear,estate,19800,2017
BMW,X5,155620,190,Diesel,white,rear,estate,19500,2017
BMW,X5,125677,100,Diesel,blue,rear,estate,10900,2017
BMW,X5,144930,120,Diesel,beige,rear,estate,12700,2017
BMW,X5,142622,135,Diesel,black,rear,estate,14000,2015
BMW,X5,171008,120,Diesel,black,rear,estate,6800,2015
BMW,X5,160805,135,Diesel,white,rear,estate,12300,2016
BMW,X5,139390,85,Diesel,black,rear,estate,10200,2016
BMW,X5,314985,173,Diesel,blue,rear,estate,7600,2016
BMW,X5,220183,85,Diesel,grey,rear,estate,8900,2017
BMW,X5,174658,135,Diesel,blue,rear,estate,19000,2017
BMW,X5,190092,135,Diesel,white,rear,estate,17800,2015
BMW,X5,160571,100,Diesel,black,rear,estate,10900,2015
BMW,X5,85070,135,Diesel,white,rear,estate,16500,2015
BMW,X5,167600,100,Diesel,silver,rear,estate,7800,2015
BMW,X5,184733,280,Diesel,silver,rear,estate,24800,2016
BMW,X5,289174,120,Diesel,grey,rear,estate,6800,2016
BMW,X5,147992,105,Diesel,white,rear,estate,8400,2016
BMW,X5,151501,120,Diesel,black,rear,estate,14200,2016
BMW,X5,300178,120,Diesel,white,rear,estate,7300,2017
BMW,X5,166496,135,Diesel,black,rear,estate,14000,2017
BMW,X5,46701,135,Diesel,white,rear,estate,19600,2017
BMW,X5,115902,160,Diesel,grey,rear,estate,15800,2017
BMW,X5,136581,160,Diesel,black,rear,estate,16500,2015
BMW,X5,80589,85,Diesel,white,rear,estate,13200,2016
BMW,X5,179537,105,Diesel,black,rear,estate,11800,2017
BMW,X5,143633,135,Diesel,white,rear,estate,14900,2015
BMW,X5,241112,190,Diesel,blue,rear,estate,11100,2015
BMW,X5,184507,280,Diesel,silver,rear,estate,26900,2015
BMW,X5,174319,120,Diesel,grey,rear,estate,13400,2016
BMW,X5,103034,135,Diesel,brown,rear,estate,14500,2016
BMW,X5,184955,280,Diesel,silver,rear,estate,23800,2016
BMW,X5,156741,135,Diesel,black,rear,estate,13900,2017
BMW,X5,130588,160,Diesel,black,rear,estate,14300,2017
BMW,X5,161449,105,Diesel,red,rear,estate,8900,2017
BMW,X5,108993,120,Diesel,grey,rear,estate,14300,2015
BMW,X5,145348,280,Diesel,blue,rear,estate,37100,2016
BMW,X5,135980,120,Diesel,grey,rear,estate,15000,2017
BMW,X5,135564,190,Diesel,white,rear,estate,17400,2000
BMW,X5,166872,160,Diesel,grey,rear,estate,13700,2000
BMW,X5,200160,120,Diesel,blue,rear,estate,8200,2000
BMW,X5,142887,120,Diesel,blue,rear,estate,14500,2001
BMW,X5,143806,135,Diesel,black,rear,estate,15200,2001
BMW,X5,115097,160,Diesel,black,rear,estate,14300,2001
BMW,X5,240562,130,Diesel,black,rear,estate,7000,2002
BMW,X5,81817,85,Diesel,grey,rear,estate,16700,2002
BMW,X5,118282,120,Diesel,grey,rear,estate,15700,2002
BMW,X5,150702,120,Diesel,grey,rear,estate,13200,2014
BMW,X5,146697,100,Diesel,blue,rear,estate,11800,2014
BMW,X5,108380,100,Diesel,brown,rear,estate,11100,2014
BMW,X5,197818,230,Diesel,black,rear,estate,18100,2015
BMW,X5,207226,120,Diesel,black,rear,estate,10800,2015
BMW,X5,121671,190,Diesel,black,rear,estate,22900,2015
BMW,X5,157337,120,Diesel,brown,rear,estate,7100,2016
BMW,X5,167001,135,Diesel,grey,rear,estate,15000,2016
BMW,X5,92554,135,Diesel,black,rear,estate,26100,2016
BMW,X5,232281,150,Diesel,grey,rear,estate,14500,2007
BMW,X5,162222,120,Diesel,black,rear,estate,13800,2007
BMW,X5,213453,160,Diesel,black,rear,estate,13700,2008
BMW,X5,194062,100,Diesel,grey,rear,estate,12100,2008
BMW,X5,184936,120,Diesel,brown,rear,estate,14500,2001
BMW,X5,132979,112,Diesel,brown,rear,estate,13600,2002
BMW,X5,141068,105,Diesel,black,rear,estate,12600,2003
BMW,X5,188713,190,Diesel,black,rear,estate,19800,2012
BMW,X5,398043,130,Diesel,grey,rear,estate,3500,2011
BMW,X5,117468,160,Diesel,black,rear,estate,18900,2015
BMW,X5,134690,135,Diesel,grey,rear,estate,14000,2011
BMW,X5,165356,135,Diesel,grey,rear,estate,13200,2012
BMW,X5,173590,120,Diesel,black,rear,estate,14600,2012
BMW,X5,193864,105,Diesel,black,rear,estate,9200,2012
BMW,X5,223680,85,Diesel,black,rear,estate,7400,2012
BMW,X5,157626,189,Diesel,grey,rear,estate,9500,2013
BMW,X5,178272,135,Diesel,white,rear,estate,14900,2013
BMW,X5,175266,135,Diesel,black,rear,estate,13600,2013
BMW,X5,151586,135,Diesel,black,rear,estate,11100,2013
BMW,X5,109195,120,Diesel,grey,rear,estate,17600,2013
BMW,X5,148908,120,Diesel,brown,rear,estate,15400,2013
BMW,X5,96395,135,Diesel,blue,rear,estate,17600,2013
BMW,X5,149502,120,Diesel,black,rear,estate,9900,2013
BMW,X5,171043,135,Diesel,grey,rear,estate,13400,2011
BMW,X5,110891,125,Petrol,black,rear,estate,9900,2017
BMW,X5,95208,135,Diesel,grey,rear,estate,6000,2017
BMW,X5,126978,100,Diesel,grey,rear,estate,11200,2017
BMW,X5,148943,100,Diesel,brown,rear,estate,17300,2017
BMW,X5,137075,100,Diesel,grey,rear,estate,11800,2017
BMW,X5,187314,122,Diesel,grey,rear,estate,12500,2017
BMW,X5,191742,105,Diesel,brown,rear,estate,16700,2017
BMW,X5,162142,100,Diesel,silver,rear,estate,9800,2017
BMW,X5,34643,120,Diesel,black,rear,estate,22800,2017
BMW,X5,195543,105,Diesel,white,rear,estate,9500,2017
BMW,X5,104176,135,Diesel,black,rear,estate,18100,2017
BMW,X5,230365,145,Diesel,black,rear,estate,7300,2017
BMW,X5,129339,135,Diesel,blue,rear,estate,12600,2017
BMW,X5,164468,120,Diesel,grey,rear,estate,10600,2017
BMW,X5,153721,100,Diesel,brown,rear,estate,14800,2017
BMW,X5,199826,85,Diesel,brown,rear,estate,6700,2017
BMW,X5,101223,120,Diesel,black,rear,estate,12500,2017
BMW,X5,188531,120,Diesel,black,rear,estate,4000,2016
BMW,X5,111959,135,Petrol,black,rear,estate,8600,2016
BMW,X5,160151,190,Diesel,blue,rear,estate,22500,2016
BMW,X5,88517,100,Diesel,black,rear,estate,12500,2016
BMW,X5,159788,135,Diesel,white,rear,estate,16400,2016
BMW,X5,169335,122,Diesel,black,rear,estate,12500,2016
BMW,X5,189614,160,Diesel,black,rear,estate,20100,2016
BMW,X5,172414,120,Diesel,grey,rear,estate,15400,2016
BMW,X5,147699,190,Diesel,grey,full,estate,24900,2016
BMW,X5,245654,130,Diesel,green,full,estate,6800,2016
BMW,X5,119454,135,Diesel,grey,full,estate,14900,2016
BMW,X5,151787,105,Diesel,grey,full,estate,8300,2016
BMW,X5,66877,135,Diesel,white,full,estate,19800,2016
BMW,X5,144612,120,Diesel,grey,full,estate,15200,2016
BMW,X5,143447,135,Diesel,black,rear,estate,17800,2016
BMW,X5,94753,85,Diesel,black,rear,estate,11200,2016
BMW,X5,123173,190,Diesel,grey,rear,estate,22500,2016
BMW,X5,222299,135,Diesel,black,rear,estate,11400,2016
BMW,X5,162048,85,Diesel,black,rear,estate,3200,2016
BMW,X5,157035,120,Diesel,brown,rear,estate,13300,2016
BMW,X5,107751,190,Diesel,black,rear,estate,28600,2016
BMW,X5,164110,120,Diesel,black,rear,estate,12300,2016
BMW,X5,20353,140,Diesel,black,rear,estate,16900,2016
BMW,X5,66929,120,Diesel,black,rear,estate,13800,2016
BMW,X5,138988,230,Diesel,brown,rear,estate,27700,2017
BMW,X5,203770,190,Diesel,grey,rear,estate,17400,2017
BMW,X5,148128,135,Diesel,grey,rear,estate,19500,2017
BMW,1 Series,182793,135,Diesel,black,rear,estate,5700,2017
BMW,1 Series,125372,105,Diesel,blue,rear,estate,13400,2017
BMW,1 Series,162199,130,Diesel,grey,rear,estate,4500,2017
BMW,1 Series,256774,230,Diesel,grey,rear,estate,18900,2017
BMW,1 Series,33631,190,Diesel,grey,rear,estate,24200,2017
BMW,1 Series,49871,190,Diesel,black,rear,estate,30000,2017
BMW,1 Series,190289,105,Diesel,white,rear,estate,11300,2017
BMW,1 Series,106417,100,Diesel,grey,rear,estate,12400,2015
BMW,1 Series,189921,100,Diesel,brown,rear,estate,10100,2015
BMW,1 Series,99113,120,Diesel,grey,rear,estate,14000,2015
BMW,1 Series,193105,105,Diesel,black,rear,estate,11100,2016
BMW,1 Series,130684,135,Diesel,grey,rear,estate,14100,2016
BMW,1 Series,96981,100,Petrol,green,rear,estate,8400,2017
BMW,1 Series,196890,135,Diesel,grey,rear,estate,15100,2017
BMW,1 Series,118160,100,Diesel,grey,rear,estate,8000,2015
BMW,1 Series,169470,135,Diesel,grey,rear,estate,8300,2015
BMW,1 Series,271229,100,Diesel,black,rear,estate,7300,2015
BMW,1 Series,158308,190,Diesel,black,rear,estate,23300,2015
BMW,1 Series,186459,85,Diesel,white,rear,estate,10700,2015
BMW,1 Series,110966,160,Diesel,grey,rear,estate,15100,2015
BMW,1 Series,131899,85,Diesel,black,rear,estate,9500,2015
BMW,1 Series,151115,135,Diesel,silver,rear,estate,15400,2015
BMW,1 Series,157363,100,Diesel,white,rear,estate,12500,2015
BMW,1 Series,134983,130,Diesel,black,rear,estate,8300,2015
BMW,1 Series,114589,135,Diesel,grey,rear,estate,17100,2015
BMW,1 Series,175756,120,Diesel,blue,rear,estate,15700,2015
BMW,1 Series,205478,155,Diesel,black,rear,estate,14000,2016
BMW,1 Series,228719,120,Diesel,black,rear,estate,10500,2016
BMW,1 Series,128969,100,Diesel,black,rear,estate,11100,2016
BMW,1 Series,165120,105,Diesel,black,rear,estate,9900,2016
BMW,1 Series,181703,120,Diesel,grey,rear,estate,14900,2016
BMW,X5,148574,120,Diesel,grey,rear,estate,11400,2016
BMW,X5,187277,137,Diesel,blue,rear,estate,14400,2016
BMW,X5,186203,190,Diesel,black,rear,estate,16500,2016
BMW,X5,45305,100,Diesel,blue,rear,estate,18900,2016
BMW,X5,146393,135,Diesel,brown,rear,estate,16200,2017
BMW,X5,173102,100,Diesel,black,rear,estate,10100,2017
BMW,X5,148966,135,Petrol,black,rear,estate,11800,2017
BMW,X5,249417,190,Diesel,black,rear,estate,12500,2017
BMW,X5,162106,230,Diesel,black,rear,estate,18800,2017
BMW,X5,199890,135,Diesel,black,rear,estate,15600,2017
BMW,X5,165322,120,Diesel,black,rear,estate,13700,2017
BMW,X5,147216,105,Diesel,grey,rear,estate,13900,2017
BMW,X5,175761,135,Diesel,black,rear,estate,20300,2015
BMW,X5,61306,120,Diesel,grey,rear,estate,8900,2015
BMW,X5,92482,135,Diesel,black,rear,estate,20200,2015
BMW,X5,185299,190,Diesel,blue,rear,estate,20200,2015
BMW,X5,260531,110,Diesel,grey,full,estate,2100,2015
BMW,X5,237366,135,Diesel,black,full,estate,12500,2015
BMW,X5,153033,105,Diesel,black,full,estate,5400,2016
BMW,X5,136442,105,Diesel,silver,full,estate,12600,2016
BMW,X5,155283,135,Diesel,grey,full,estate,14400,2016
BMW,X5,86410,120,Diesel,grey,full,estate,15700,2016
BMW,X5,198436,100,Diesel,grey,full,estate,9400,2017
BMW,X5,183498,85,Diesel,grey,full,estate,10700,2017
BMW,X5,237786,150,Diesel,grey,full,estate,11400,2017
BMW,X5,162042,135,Diesel,blue,full,estate,10700,2017
BMW,X5,125242,160,Diesel,grey,rear,estate,22100,2015
BMW,X5,190015,105,Diesel,grey,rear,estate,16500,2015
BMW,X5,168216,85,Diesel,black,rear,estate,11100,2015
BMW,X5,115366,135,Diesel,silver,rear,estate,14300,2015
BMW,X5,179857,230,Diesel,brown,rear,estate,28400,2015
BMW,X5,156904,190,Diesel,grey,rear,estate,22000,2015
BMW,X5,165561,120,Diesel,blue,full,estate,13700,2015
BMW,X5,148559,137,Petrol,black,full,estate,13400,2015
BMW,X5,180690,85,Diesel,grey,full,estate,11500,2016
BMW,X5,153854,135,Diesel,black,full,estate,15100,2016
BMW,X5,50522,120,Diesel,grey,full,estate,23000,2016
BMW,X5,293508,110,Diesel,grey,rear,estate,3000,2016
BMW,X5,137401,135,Diesel,black,rear,estate,12900,2016
BMW,X5,148479,160,Diesel,grey,rear,estate,17100,2016
BMW,X5,155292,105,Diesel,white,rear,estate,11600,2016
BMW,X5,159693,100,Diesel,grey,rear,estate,5100,2016
BMW,X5,22871,80,Petrol,black,rear,estate,13600,2015
BMW,X5,70495,85,Diesel,brown,rear,estate,14200,2015
BMW,X5,104424,100,Diesel,grey,rear,estate,12000,2015
BMW,X5,55722,105,Diesel,blue,rear,estate,17400,2015
BMW,X5,226944,190,Diesel,blue,rear,estate,19300,2016
BMW,X5,240159,135,Diesel,white,rear,estate,14000,2016
BMW,X5,89158,135,Diesel,black,rear,estate,19500,2016
BMW,X5,184496,100,Diesel,blue,rear,estate,10400,2017
BMW,X5,63121,85,Diesel,grey,rear,estate,12600,2017
BMW,X5,168356,100,Diesel,green,rear,estate,7000,2017
BMW,X5,158402,135,Diesel,grey,rear,estate,13700,2015
BMW,X5,205081,135,Diesel,white,rear,estate,12600,2015
BMW,X5,204952,105,Diesel,black,rear,estate,11200,2015
BMW,X5,327416,120,Diesel,black,rear,estate,11500,2015
BMW,X5,251669,100,Diesel,grey,rear,estate,7300,2015
BMW,X5,99296,100,Diesel,black,rear,estate,18200,2015
BMW,X5,212165,135,Diesel,brown,rear,estate,14700,2015
BMW,X5,229437,100,Diesel,grey,rear,estate,6000,2015
BMW,X5,237376,173,Diesel,grey,rear,estate,6500,2016
BMW,X5,188634,130,Diesel,black,rear,estate,8400,2016
BMW,X5,206283,135,Diesel,black,rear,estate,14200,2016
BMW,X5,152018,119,Diesel,black,rear,estate,12500,2016
BMW,X5,174944,150,Petrol,grey,rear,estate,11600,2016
BMW,X5,171877,120,Diesel,black,rear,estate,15700,2016
BMW,X5,106404,160,Diesel,black,rear,estate,19900,2016
BMW,X5,162021,90,Diesel,black,rear,estate,3800,2016
BMW,X5,75783,140,Diesel,black,rear,estate,27600,2017
BMW,X5,120756,135,Petrol,grey,rear,estate,9500,2017
BMW,X5,171292,135,Diesel,grey,rear,estate,16300,2017
BMW,X5,153715,120,Diesel,black,rear,estate,15500,2017
BMW,X5,111132,160,Diesel,black,rear,estate,16900,2017
BMW,X5,176029,120,Diesel,blue,rear,estate,11800,2017
BMW,X5,128764,120,Diesel,blue,rear,estate,12400,2017
BMW,X5,130884,100,Diesel,black,rear,estate,11200,2017
BMW,X5,123405,135,Diesel,black,rear,estate,17000,2015
BMW,X5,124114,120,Diesel,blue,rear,estate,15900,2015
BMW,X5,168833,105,Diesel,black,rear,estate,12000,2015
BMW,X5,113733,135,Diesel,grey,rear,estate,9300,2015
BMW,X5,159209,100,Diesel,grey,rear,estate,5600,2016
BMW,X5,155492,100,Diesel,black,rear,estate,11300,2016
BMW,X5,157577,105,Diesel,white,rear,estate,12900,2016
BMW,X5,180626,135,Diesel,black,rear,estate,15700,2016
BMW,X5,213067,190,Diesel,blue,rear,estate,12900,2017
BMW,X5,117442,125,Petrol,grey,rear,estate,12400,2017
BMW,X5,121770,105,Diesel,white,rear,estate,13100,2017
BMW,X5,101156,135,Diesel,white,rear,estate,14800,2017
BMW,X5,277172,120,Diesel,black,rear,estate,5300,2015
BMW,X5,127956,135,Diesel,white,rear,estate,9300,2015
BMW,X5,157955,190,Petrol,black,rear,estate,15000,2015
BMW,X5,179630,85,Diesel,black,rear,estate,9900,2015
BMW,X5,167102,120,Diesel,black,rear,estate,11400,2015
BMW,X5,148894,100,Diesel,black,rear,estate,10000,2015
BMW,X5,65462,105,Diesel,black,rear,estate,9600,2015
BMW,X5,109651,135,Diesel,brown,rear,estate,20300,2015
BMW,X5,271459,100,Diesel,blue,rear,estate,1200,2015
BMW,X5,169732,120,Diesel,blue,rear,estate,14600,2016
BMW,X5,107195,190,Diesel,grey,rear,estate,20900,2016
BMW,X5,280226,110,Diesel,grey,rear,estate,2500,2016
BMW,X5,196475,85,Diesel,blue,rear,estate,8400,2017
BMW,X5,122160,135,Diesel,silver,rear,estate,14300,2017
BMW,X5,194982,135,Diesel,white,full,estate,12100,2017
BMW,X5,154038,100,Diesel,brown,full,estate,10200,2017
BMW,X5,55517,85,Diesel,grey,full,estate,11200,1995
BMW,X5,146490,120,Diesel,white,full,estate,13900,1995
BMW,X5,136951,190,Diesel,red,full,estate,28200,1995
BMW,X5,136751,105,Diesel,brown,full,estate,13300,1996
BMW,X5,145045,120,Diesel,black,full,estate,13700,1996
BMW,X5,226224,85,Diesel,grey,full,estate,8600,1997
BMW,X5,165472,135,Diesel,grey,full,estate,14800,1997
BMW,X5,158341,120,Diesel,grey,full,estate,11900,2014
BMW,X5,152862,190,Diesel,white,full,estate,19000,2015
BMW,X5,195889,120,Diesel,black,full,estate,12300,2016
BMW,X5,79351,135,Diesel,grey,full,estate,16100,2013
BMW,X5,236157,135,Diesel,blue,full,estate,6900,2014
BMW,X5,181952,85,Diesel,grey,full,estate,3600,2015
BMW,X5,176054,105,Diesel,white,full,estate,14400,2010
BMW,X5,208092,160,Diesel,black,full,estate,16700,2011
BMW,X5,122370,100,Diesel,grey,rear,estate,17500,2003
BMW,X5,195075,90,Diesel,silver,rear,estate,3700,2015
BMW,X5,119515,135,Diesel,grey,rear,estate,19800,2016
BMW,X5,93702,105,Diesel,silver,rear,estate,16200,2017
BMW,X5,139890,120,Diesel,grey,rear,estate,15100,2014
BMW,X5,167954,120,Diesel,black,rear,estate,4800,2014
BMW,X5,101005,105,Diesel,silver,rear,estate,7100,2014
BMW,X5,200508,122,Diesel,black,rear,estate,9500,2014
BMW,X5,198941,180,Diesel,grey,rear,estate,17300,2015
BMW,X5,124643,230,Diesel,grey,rear,estate,27300,2015
BMW,X5,201714,122,Diesel,black,rear,estate,11800,2015
BMW,X5,150739,105,Diesel,black,rear,estate,13100,2015
BMW,X5,53159,135,Diesel,grey,rear,estate,9200,2017
BMW,X5,154203,135,Diesel,white,rear,estate,11700,2015
BMW,X5,193416,105,Diesel,black,rear,estate,11100,2016
BMW,X5,195524,122,Diesel,black,rear,estate,11300,2017
BMW,X5,156934,190,Diesel,black,rear,estate,23800,2017
BMW,X5,202533,100,Diesel,black,rear,estate,10600,2001
BMW,X5,86899,85,Diesel,blue,rear,estate,6000,2001
