Brand,Price,Body,Mileage,EngV,EngineType,Registration,Year,Model,Drive
BMW,4700,sedan,200,NA,Petrol,yes,1996,X5,rear
BMW,19999,sedan,290,4.8,Petrol,yes,2006,X5,rear
BMW,129222,sedan,2,5,Petrol,yes,2016,5 Series,full
BMW,73900,sedan,57,4.4,Petrol,yes,2013,5 Series,rear
BMW,104999,crossover,2,3,Diesel,yes,2016,5 Series,full
BMW,66500,crossover,1,2,Diesel,yes,2016,5 Series,full
BMW,65099,crossover,0,2,Diesel,yes,2016,5 Series,full
BMW,23900,crossover,235,3,Diesel,yes,2007,5 Series,full
BMW,66200,crossover,70,3,Diesel,yes,2014,5 Series,full
BMW,63000,crossover,0,2,Diesel,yes,2015,5 Series,full
BMW,1900,sedan,300,2.5,Diesel,no,1997,5 Series,rear
BMW,39333,sedan,6,2,Petrol,yes,2016,5 Series,full
BMW,63500,crossover,1,2,Diesel,yes,2016,5 Series,full
BMW,59900,crossover,30,2,Diesel,yes,2016,5 Series,full
BMW,8500,sedan,260,2.2,Gas,yes,2001,5 Series,rear
BMW,21000,sedan,186,3,Petrol,yes,2007,5 Series,rear
BMW,3900,vagon,240,3,Diesel,no,2001,5 Series,rear
BMW,0,crossover,1,3,Diesel,yes,2014,5 Series,full
BMW,0,crossover,0,3,Diesel,yes,2015,5 Series,full
BMW,2850,sedan,214,1.9,Petrol,no,2000,5 Series,rear
BMW,6350,crossover,156,4.4,Gas,no,2002,5 Series,full
BMW,25500,other,163,4.8,Petrol,yes,2008,5 Series,full
BMW,67500,crossover,1,2,Diesel,yes,2016,5 Series,full
BMW,67500,crossover,1,2.5,Diesel,yes,2016,5 Series,full
BMW,37200,other,115,3,Diesel,yes,2011,5 Series,full
BMW,0,crossover,36,3,Diesel,yes,2013,5 Series,full
BMW,24500,crossover,170,4.8,Gas,yes,2007,5 Series,full
BMW,11500,sedan,193,4.4,Petrol,yes,2000,5 Series,rear
BMW,29900,crossover,235,3,Diesel,yes,2009,5 Series,full
BMW,66900,crossover,70,3,Diesel,yes,2014,5 Series,full
BMW,104999,crossover,2,3,Diesel,yes,2016,5 Series,full
BMW,28000,sedan,170,2,Diesel,yes,2011,5 Series,rear
BMW,0,crossover,8,2,Diesel,yes,2016,5 Series,full
BMW,30500,sedan,73,2,Petrol,yes,2013,5 Series,rear
BMW,89999,crossover,17,4.4,Petrol,yes,2015,5 Series,full
BMW,8500,sedan,284,1.9,Gas,yes,2000,5 Series,rear
BMW,2550,sedan,280,1.6,Petrol,no,2000,5 Series,rear
BMW,8000,sedan,330,NA,Diesel,yes,1997,5 Series,rear
BMW,34600,crossover,163,5,Petrol,yes,2011,5 Series,full
BMW,63500,crossover,33,3,Petrol,yes,2015,5 Series,full
BMW,1500,sedan,270,2.5,Diesel,no,1992,5 Series,rear
BMW,26900,crossover,170,3,Diesel,yes,2008,5 Series,full
BMW,8500,other,265,2.8,Gas,yes,1998,5 Series,rear
BMW,6400,other,220,2.5,Petrol,yes,1997,5 Series,rear
BMW,28900,sedan,78,2,Petrol,yes,2012,5 Series,rear
BMW,42000,sedan,5,2,Petrol,yes,2016,5 Series,rear
BMW,75555,sedan,30,4.4,Petrol,yes,2014,5 Series,full
BMW,42900,sedan,2,2,Petrol,yes,2016,5 Series,rear
BMW,26999,crossover,180,4.8,Gas,yes,2008,5 Series,full
BMW,6500,sedan,298,2.5,Petrol,yes,1998,5 Series,rear
BMW,2200,sedan,303,2.5,Diesel,no,1999,5 Series,rear
BMW,3100,vagon,1,2,Diesel,no,2002,5 Series,rear
BMW,0,crossover,5,3,Diesel,yes,2016,5 Series,full
BMW,0,sedan,240,2.8,Gas,yes,1997,5 Series,rear
BMW,13700,crossover,270,4.6,Gas,yes,2004,5 Series,full
BMW,2900,vagon,236,2,Diesel,no,2001,5 Series,rear
BMW,10999,sedan,225,3,Diesel,yes,2003,5 Series,rear
BMW,6500,sedan,335,2.8,Petrol,yes,1996,5 Series,rear
BMW,32500,crossover,152,3,Diesel,yes,2008,5 Series,full
BMW,15000,other,205,NA,Petrol,yes,2004,5 Series,rear
BMW,13900,crossover,184,3,Gas,yes,2004,5 Series,full
BMW,11400,sedan,206,3,Petrol,yes,2003,5 Series,rear
BMW,13500,sedan,233,3,Diesel,yes,2003,5 Series,rear
BMW,21500,other,72,3,Petrol,yes,2007,5 Series,rear
BMW,86999,crossover,0,3,Diesel,yes,2016,5 Series,full
BMW,2450,sedan,328,2.5,Diesel,no,1996,5 Series,rear
BMW,17900,other,98,3,Petrol,yes,2007,5 Series,rear
BMW,39600,crossover,98,3,Petrol,yes,2011,5 Series,full
BMW,30500,sedan,630,NA,Petrol,yes,2010,5 Series,rear
BMW,29500,sedan,850,NA,Petrol,yes,2011,5 Series,rear
BMW,33000,sedan,147,3,Diesel,yes,2009,5 Series,rear
BMW,49900,other,82,3,Petrol,yes,2012,5 Series,rear
BMW,16800,crossover,250,3,Diesel,yes,2004,5 Series,full
BMW,23999,crossover,194,3,Petrol,yes,2007,5 Series,full
BMW,1650,sedan,270,1.8,Petrol,no,1995,5 Series,rear
BMW,3150,sedan,200,2,Diesel,no,1999,5 Series,rear
BMW,99999,other,0,3,Petrol,yes,2016,5 Series,full
BMW,16500,other,122,2.2,Petrol,yes,2005,5 Series,rear
BMW,12600,sedan,219,3.6,Petrol,yes,2002,5 Series,rear
BMW,3100,sedan,315,2.5,Diesel,no,1998,5 Series,rear
BMW,20500,crossover,73,2,Petrol,yes,2011,5 Series,rear
BMW,5000,sedan,400,2.5,Petrol,yes,1991,5 Series,rear
BMW,8200,sedan,210,3.5,Petrol,yes,1999,5 Series,rear
BMW,37000,sedan,130,3,Petrol,yes,2011,5 Series,full
BMW,3300,sedan,250,3,Diesel,no,2000,5 Series,rear
BMW,14900,vagon,221,2,Diesel,yes,2008,5 Series,rear
BMW,2550,vagon,312,2.5,Diesel,no,1999,5 Series,rear
BMW,45000,sedan,110,NA,Other,yes,2012,5 Series,full
BMW,26999,sedan,131,2,Diesel,yes,2011,5 Series,rear
BMW,13300,vagon,157,2,Diesel,yes,2007,X5,rear
BMW,3500,sedan,272,2,Diesel,yes,2000,X5,rear
BMW,29500,crossover,189,3,Diesel,yes,2009,X5,full
BMW,39000,crossover,180,3,Diesel,yes,2011,X5,full
BMW,10700,sedan,243,3,Diesel,yes,2002,X5,rear
BMW,31500,crossover,130,3,Diesel,yes,2010,X5,full
BMW,33700,crossover,134,4.4,Petrol,yes,2009,X5,full
BMW,20999,crossover,170,4.8,Petrol,yes,2008,X5,full
BMW,20500,other,114,NA,Other,yes,2008,X5,
BMW,36400,crossover,80,3,Petrol,yes,2011,X5,full
BMW,22700,crossover,216,4.8,Petrol,yes,2007,X5,full
BMW,75000,crossover,16,3,Diesel,yes,2015,X5,full
BMW,3350,vagon,295,2,Diesel,no,2002,X5,rear
BMW,3800,sedan,304,1.9,Gas,no,2000,X5,rear
BMW,4400,sedan,260,2,Gas,yes,1990,X5,rear
BMW,35500,crossover,33,2,Diesel,yes,2014,X5,full
BMW,34900,crossover,117,3,Petrol,yes,2011,X5,full
BMW,25500,sedan,148,3,Diesel,yes,2007,X5,rear
BMW,2222,sedan,268,1.8,Petrol,no,1996,X5,
BMW,29999,sedan,130,NA,Petrol,yes,2009,X5,
BMW,41500,vagon,42,2,Petrol,yes,2012,X5,full
BMW,69500,sedan,62,4.4,Petrol,yes,2013,X5,full
BMW,20900,crossover,230,3,Diesel,yes,2006,X5,full
BMW,60500,sedan,110,3,Diesel,yes,2011,X5,full
BMW,22900,other,25,3,Petrol,yes,2008,X5,rear
BMW,3099,sedan,230,3,Diesel,no,2003,X5,rear
BMW,8300,sedan,200,4.4,Petrol,yes,2001,X5,rear
BMW,2999,sedan,299,NA,Diesel,no,2000,X5,rear
BMW,6100,sedan,266,3.5,Petrol,no,1997,X5,rear
BMW,13900,sedan,262,4,Diesel,yes,2003,X5,rear
BMW,8500,sedan,365,3,Diesel,yes,2001,5 Series,rear
BMW,21900,other,25,2.5,Petrol,yes,2007,5 Series,rear
BMW,6300,sedan,241,2.8,Gas,yes,1995,5 Series,rear
BMW,24000,crossover,108,2,Diesel,yes,2012,5 Series,full
BMW,4500,sedan,370,4,Petrol,yes,1993,5 Series,rear
BMW,77777,sedan,8,4.4,Petrol,yes,2014,5 Series,full
BMW,7200,sedan,270,3,Diesel,no,2004,5 Series,rear
BMW,38888,vagon,5,0.65,Other,yes,2015,5 Series,rear
BMW,6950,sedan,320,4.4,Gas,yes,1997,5 Series,rear
BMW,7200,sedan,255,2.8,Petrol,yes,1998,5 Series,rear
BMW,3099,sedan,320,2,Diesel,no,2000,5 Series,rear
BMW,8899,sedan,170,2.2,Petrol,yes,2001,5 Series,rear
BMW,34400,crossover,37,2,Diesel,yes,2013,5 Series,full
BMW,34500,other,160,3,Diesel,yes,2011,5 Series,full
BMW,14600,sedan,116,2.5,Diesel,yes,2004,5 Series,rear
BMW,4300,sedan,200,2,Diesel,no,2002,5 Series,rear
BMW,29000,sedan,170,2,Diesel,yes,2011,5 Series,rear
BMW,2900,vagon,230,2,Diesel,no,2001,5 Series,rear
BMW,10800,sedan,246,3,Diesel,yes,2003,5 Series,rear
BMW,10900,sedan,245,3,Diesel,yes,2003,5 Series,rear
BMW,49000,sedan,58,4.4,Other,yes,2011,5 Series,rear
BMW,46000,sedan,5,2,Petrol,yes,2016,5 Series,rear
BMW,37000,sedan,95,4.4,Petrol,yes,2011,5 Series,full
BMW,47000,other,5,2,Petrol,yes,2014,5 Series,rear
BMW,4550,sedan,200,2.8,Petrol,no,1997,5 Series,rear
BMW,31800,sedan,115,3,Diesel,yes,2010,5 Series,rear
BMW,17100,crossover,188,3,Diesel,yes,2004,5 Series,full
BMW,15000,sedan,137,2.2,Petrol,yes,2004,5 Series,rear
BMW,41000,crossover,80,3,Petrol,yes,2012,5 Series,full
BMW,69999,crossover,0,2.5,Diesel,yes,2016,5 Series,full
BMW,66666,crossover,0,2,Diesel,yes,2016,5 Series,full
BMW,12950,sedan,268,4,Diesel,yes,2004,5 Series,rear
BMW,56500,crossover,45,3,Diesel,yes,2014,5 Series,full
BMW,52000,crossover,7,2,Diesel,yes,2015,5 Series,full
BMW,16300,crossover,258,4.4,Petrol,yes,2005,5 Series,full
BMW,17500,sedan,102,2,Petrol,yes,2011,5 Series,rear
BMW,6100,sedan,438,2,Gas,yes,1997,5 Series,rear
BMW,16500,crossover,230,3,Gas,yes,2004,5 Series,full
BMW,15000,vagon,245,3,Gas,yes,2006,5 Series,full
BMW,19999,crossover,227,3,Diesel,yes,2006,5 Series,full
BMW,28500,crossover,160,4.8,Gas,yes,2008,5 Series,full
BMW,69999,crossover,1,2,Petrol,yes,2016,5 Series,full
BMW,42000,sedan,59,4.4,Petrol,yes,2009,5 Series,rear
BMW,29999,other,73,2,Petrol,yes,2012,5 Series,rear
BMW,4800,sedan,11,2.5,Diesel,yes,1994,5 Series,rear
BMW,4200,sedan,277,2,Petrol,yes,1991,5 Series,rear
BMW,10800,sedan,288,4.4,Gas,yes,2002,5 Series,rear
BMW,7000,sedan,280,3,Petrol,yes,2001,5 Series,rear
BMW,2250,sedan,350,2.5,Diesel,yes,1998,5 Series,rear
BMW,3900,sedan,380,3,Gas,yes,1989,5 Series,rear
BMW,10000,sedan,274,4.4,Gas,yes,1998,5 Series,rear
BMW,2600,sedan,270,2,Diesel,no,1998,5 Series,rear
BMW,4500,sedan,140,3,Diesel,no,2000,5 Series,rear
BMW,1700,sedan,200,2,Diesel,no,2003,5 Series,rear
BMW,50499,sedan,128,3,Diesel,yes,2013,5 Series,full
BMW,18500,sedan,79,3,Diesel,no,2012,5 Series,rear
BMW,3500,sedan,300,3,Diesel,no,1999,5 Series,rear
BMW,12000,sedan,237,3,Diesel,yes,2003,5 Series,rear
BMW,19990,sedan,1,2,Diesel,yes,2008,5 Series,rear
BMW,3500,sedan,185,2,Diesel,no,2002,5 Series,rear
BMW,9700,sedan,267,2,Diesel,yes,2002,5 Series,rear
BMW,2500,sedan,290,2,Diesel,no,1999,5 Series,front
BMW,7500,sedan,275,2,Gas,yes,1998,5 Series,rear
BMW,4000,sedan,380,2,Petrol,yes,1991,5 Series,rear
BMW,27900,sedan,170,3,Petrol,yes,2011,5 Series,rear
BMW,17900,sedan,69,2,Petrol,yes,2008,5 Series,rear
BMW,2500,sedan,242,3,Diesel,no,2001,5 Series,rear
BMW,12900,sedan,121,2,Petrol,yes,2007,5 Series,rear
BMW,27500,sedan,100,2,Petrol,yes,2012,5 Series,rear
BMW,2899,sedan,260,2,Diesel,no,2000,5 Series,rear
BMW,15500,sedan,216,2,Diesel,yes,2008,5 Series,rear
BMW,13700,sedan,276,3,Diesel,yes,2004,5 Series,rear
BMW,9800,sedan,350,3,Diesel,yes,2001,5 Series,rear
BMW,7000,sedan,286,2.8,Petrol,yes,2001,5 Series,rear
BMW,7000,other,226,2.5,Petrol,yes,1999,5 Series,rear
BMW,2999,sedan,210,2,Other,no,1999,5 Series,rear
BMW,6900,sedan,280,2,Gas,yes,2000,5 Series,rear
BMW,8200,sedan,241,2,Petrol,yes,1998,5 Series,rear
BMW,32500,vagon,65,2,Petrol,yes,2014,5 Series,rear
BMW,19990,other,164,NA,Gas,yes,2004,5 Series,
BMW,47900,crossover,178,4,Diesel,yes,2012,5 Series,
BMW,3500,sedan,334,2,Diesel,no,1999,5 Series,rear
BMW,17500,vagon,125,3,Diesel,yes,2006,5 Series,full
BMW,58000,crossover,64,2,Diesel,yes,2015,5 Series,full
BMW,0,crossover,0,3,Diesel,yes,2016,5 Series,full
BMW,4000,sedan,230,2,Diesel,no,2003,5 Series,rear
BMW,69999,crossover,71,4.4,Petrol,yes,2011,5 Series,full
BMW,12900,vagon,260,3,Diesel,yes,2004,5 Series,rear
BMW,77777,crossover,1,3,Diesel,yes,2014,5 Series,full
BMW,17000,vagon,158,2,Diesel,yes,2010,5 Series,rear
BMW,13700,sedan,254,3,Diesel,yes,2003,5 Series,front
BMW,15300,sedan,250,2.5,Petrol,yes,2006,5 Series,rear
BMW,29500,sedan,230,3,Diesel,yes,2011,5 Series,rear
BMW,16999,vagon,213,3,Diesel,yes,2007,5 Series,full
BMW,11900,sedan,160,2.5,Petrol,yes,2005,5 Series,rear
BMW,6800,crossover,242,99.99,Diesel,no,2005,5 Series,
BMW,13500,crossover,250,3,Diesel,no,2006,5 Series,full
BMW,3200,sedan,237,2.5,Petrol,yes,1990,5 Series,rear
BMW,29900,crossover,182,3,Petrol,yes,2008,5 Series,full
BMW,8999,sedan,221,4.5,Petrol,yes,2002,5 Series,rear
BMW,9400,sedan,221,4.4,Gas,yes,2004,5 Series,rear
BMW,51900,crossover,106,3,Diesel,yes,2012,5 Series,full
BMW,6500,sedan,300,2.8,Gas,yes,1997,5 Series,rear
BMW,18000,sedan,245,2.5,Petrol,yes,2007,5 Series,rear
BMW,86999,crossover,0,3,Diesel,yes,2016,5 Series,full
BMW,62000,crossover,1,2,Diesel,yes,2016,5 Series,full
BMW,8200,sedan,250,4.4,Petrol,yes,1997,5 Series,
BMW,2900,sedan,225,2.5,Petrol,no,1997,5 Series,rear
BMW,67500,crossover,1,2,Diesel,yes,2016,5 Series,full
BMW,2800,sedan,296,3,Diesel,no,2001,5 Series,rear
BMW,26900,sedan,158,5,Petrol,yes,2007,5 Series,rear
BMW,8900,sedan,256,2.2,Petrol,yes,2002,5 Series,
BMW,4999,sedan,256,2.5,Diesel,no,2001,5 Series,rear
BMW,16700,sedan,150,2,Diesel,yes,2008,5 Series,rear
BMW,81000,sedan,23,4.4,Petrol,yes,2014,5 Series,rear
BMW,9500,crossover,110,3,Diesel,no,2008,5 Series,
BMW,13000,sedan,304,4.4,Other,yes,2002,5 Series,
BMW,13999,sedan,265,3,Diesel,yes,2005,5 Series,rear
BMW,8990,other,300,2.2,Petrol,yes,2002,5 Series,rear
BMW,2500,sedan,44,2.5,Diesel,no,1997,5 Series,rear
BMW,3300,sedan,360,2.5,Petrol,yes,1992,5 Series,rear
BMW,5700,sedan,252,2.5,Diesel,yes,1997,5 Series,rear
BMW,0,sedan,259,3,Diesel,yes,2001,5 Series,rear
BMW,4700,sedan,333,3,Petrol,yes,1994,5 Series,rear
BMW,36900,sedan,17,2,Petrol,yes,2013,5 Series,rear
BMW,7000,sedan,227,3,Diesel,no,2004,5 Series,rear
BMW,4599,sedan,267,2,Gas,yes,1991,5 Series,rear
BMW,8200,sedan,368,3,Diesel,yes,2000,5 Series,rear
BMW,32500,other,86,3,Petrol,yes,2010,5 Series,rear
BMW,8900,sedan,250,2.5,Diesel,yes,2001,5 Series,rear
BMW,27800,sedan,170,2,Diesel,yes,2011,5 Series,rear
BMW,10999,sedan,150,2,Gas,yes,2003,5 Series,rear
BMW,24700,vagon,142,2,Diesel,yes,2012,5 Series,rear
BMW,31000,sedan,100,2,Petrol,yes,2012,5 Series,rear
BMW,21600,crossover,200,4.8,Other,yes,2007,5 Series,full
BMW,14200,sedan,263,3,Petrol,yes,2004,5 Series,rear
BMW,30500,hatch,110,4.4,Petrol,yes,2008,5 Series,full
BMW,18400,crossover,256,3,Diesel,yes,2006,5 Series,full
BMW,85555,sedan,10,3,Diesel,yes,2015,5 Series,full
BMW,1950,sedan,162,1.6,Petrol,no,1995,5 Series,rear
BMW,32000,crossover,52,3,Petrol,yes,2012,5 Series,full
BMW,12799,sedan,181,2.2,Gas,yes,2004,5 Series,rear
BMW,44999,crossover,87,3,Diesel,yes,2011,5 Series,full
BMW,15500,sedan,89,2,Diesel,no,2012,5 Series,rear
BMW,3500,vagon,280,3,Diesel,no,2001,5 Series,full
BMW,38000,sedan,74,2,Diesel,yes,2014,5 Series,rear
BMW,34900,crossover,35,3,Petrol,yes,2011,5 Series,full
BMW,6500,sedan,1,3.5,Petrol,yes,1999,5 Series,rear
BMW,25800,crossover,205,3,Diesel,yes,2008,5 Series,full
BMW,57000,crossover,47,3,Diesel,yes,2014,5 Series,full
BMW,39999,sedan,45,3,Petrol,yes,2011,5 Series,full
BMW,77500,crossover,1,3,Petrol,yes,2016,5 Series,full
BMW,25500,crossover,130,3,Gas,yes,2007,5 Series,full
BMW,34500,crossover,85,3,Petrol,yes,2010,5 Series,full
BMW,31111,sedan,117,4.4,Petrol,yes,2010,5 Series,full
BMW,13000,sedan,165,2.2,Gas,yes,2003,5 Series,rear
BMW,7500,sedan,425,NA,Gas,yes,1996,5 Series,rear
BMW,37900,crossover,97,3,Diesel,yes,2010,5 Series,full
BMW,26000,crossover,270,4.8,Petrol,yes,2008,5 Series,full
BMW,35500,sedan,67,3,Petrol,yes,2011,5 Series,rear
BMW,0,crossover,200,3,Diesel,yes,2009,5 Series,full
BMW,37000,crossover,186,5,Petrol,yes,2008,5 Series,full
BMW,3000,sedan,190,2,Petrol,no,2000,5 Series,rear
BMW,1750,vagon,200,2,Petrol,no,2000,5 Series,rear
BMW,75555,sedan,30,4.4,Petrol,yes,2014,5 Series,full
BMW,12000,crossover,218,3,Diesel,no,2006,5 Series,full
BMW,6500,sedan,311,2,Gas,yes,1998,5 Series,rear
BMW,0,crossover,1,3,Diesel,yes,2016,5 Series,full
BMW,36300,crossover,83,3.5,Petrol,yes,2010,5 Series,full
BMW,25800,sedan,203,2,Diesel,yes,2010,5 Series,rear
BMW,5900,vagon,220,2.8,Petrol,yes,1995,5 Series,rear
BMW,7200,sedan,448,3,Petrol,yes,1996,5 Series,rear
BMW,4100,hatch,160,1.6,Petrol,yes,2004,5 Series,
BMW,29900,sedan,175,2,Diesel,yes,2011,5 Series,rear
BMW,12900,sedan,200,2.5,Petrol,yes,2006,5 Series,rear
BMW,8200,sedan,287,2.5,Gas,yes,1999,5 Series,rear
BMW,39500,vagon,93,2,Diesel,yes,2012,5 Series,full
BMW,16500,sedan,150,2.5,Petrol,yes,2005,5 Series,
BMW,2750,vagon,254,2.8,Gas,no,1997,5 Series,rear
BMW,6000,sedan,300,2.8,Petrol,yes,1996,5 Series,rear
BMW,49000,vagon,56,5,Petrol,yes,2007,5 Series,rear
BMW,6800,sedan,4,2.8,Gas,yes,1995,5 Series,rear
BMW,6300,sedan,330,2.5,Petrol,yes,1999,5 Series,rear
BMW,4700,sedan,390,2.5,Petrol,yes,1991,5 Series,rear
BMW,37500,other,45,2,Petrol,yes,2013,5 Series,rear
BMW,6500,vagon,377,2,Gas,yes,1998,5 Series,rear
BMW,3900,sedan,340,2.5,Diesel,no,2000,5 Series,rear
BMW,35500,sedan,235,3,Diesel,yes,2010,5 Series,rear
BMW,7900,sedan,260,3.5,Petrol,yes,1997,5 Series,rear
BMW,9999,sedan,200,1.8,Petrol,yes,2004,5 Series,rear
BMW,4600,sedan,280,3,Other,no,1999,5 Series,rear
BMW,4500,sedan,307,2.5,Petrol,yes,1994,5 Series,rear
BMW,28700,sedan,160,3,Petrol,yes,2011,5 Series,rear
BMW,3700,sedan,231,2.5,Petrol,yes,1990,5 Series,rear
BMW,2990,other,203,2,Petrol,no,2001,5 Series,rear
BMW,1550,sedan,300,NA,Gas,no,1994,5 Series,rear
BMW,77500,crossover,1,3,Petrol,yes,2016,5 Series,
BMW,56500,crossover,1,2,Diesel,yes,2016,5 Series,
BMW,8900,other,253,1.8,Petrol,yes,1995,5 Series,rear
BMW,28700,other,160,3,Petrol,yes,2011,5 Series,rear
BMW,21000,other,130,2.5,Petrol,yes,2006,5 Series,full
BMW,34500,other,160,3,Diesel,yes,2010,5 Series,full
BMW,12300,sedan,140,2,Petrol,yes,2005,5 Series,rear
BMW,57777,other,40,4,Diesel,yes,2012,5 Series,
BMW,38000,crossover,223,3,Diesel,yes,2011,5 Series,full
BMW,7400,sedan,290,3,Petrol,yes,2000,5 Series,rear
BMW,8800,sedan,287,3,Petrol,yes,2001,5 Series,rear
BMW,4500,sedan,300,3,Diesel,yes,2000,5 Series,rear
BMW,0,crossover,5,4.4,Petrol,yes,2015,5 Series,full
BMW,4999,sedan,327,3,Diesel,no,2001,5 Series,rear
BMW,8999,sedan,250,1.9,Petrol,yes,2001,5 Series,rear
BMW,47500,sedan,0,2,Diesel,yes,2016,5 Series,full
BMW,48535.5,crossover,0,2,Diesel,yes,2016,5 Series,full
BMW,43163.25,crossover,0,2,Diesel,yes,2016,5 Series,full
BMW,43719,crossover,0,2,Petrol,yes,2016,5 Series,full
BMW,64500,crossover,1,2,Diesel,yes,2016,5 Series,full
BMW,8000,sedan,194,2,Petrol,yes,1985,5 Series,rear
BMW,8900,sedan,294,2.2,Gas,yes,2000,5 Series,rear
BMW,7300,sedan,350,NA,Petrol,yes,1997,5 Series,rear
BMW,2250,sedan,300,2.5,Petrol,no,1997,5 Series,rear
BMW,0,other,35,3,Petrol,yes,2008,5 Series,rear
BMW,13900,other,80,3,Petrol,yes,2002,5 Series,rear
BMW,65000,crossover,0,2.5,Diesel,yes,2016,5 Series,full
BMW,3650,sedan,300,2,Petrol,yes,1990,5 Series,rear
BMW,53999,sedan,80,2.99,Diesel,yes,2012,5 Series,full
BMW,3800,sedan,100,1.8,Petrol,yes,1992,5 Series,rear
BMW,27800,crossover,140,3,Diesel,yes,2009,5 Series,full
BMW,34900,crossover,65,2,Petrol,yes,2013,5 Series,full
BMW,4500,vagon,360,2,Petrol,yes,1993,5 Series,rear
BMW,28000,other,100,5,Petrol,yes,2005,5 Series,
BMW,32500,sedan,148,3,Petrol,yes,2011,5 Series,rear
BMW,3500,sedan,280,NA,Petrol,no,1996,5 Series,rear
BMW,17500,crossover,210,3,Diesel,yes,2005,5 Series,
BMW,85900,crossover,19,3,Diesel,yes,2015,5 Series,full
BMW,5000,other,300,1.8,Petrol,yes,1994,5 Series,rear
BMW,12090,hatch,145,1.6,Petrol,yes,2010,5 Series,rear
BMW,26500,sedan,70,3,Petrol,yes,2008,5 Series,rear
BMW,139000,crossover,0,4.4,Petrol,yes,2016,5 Series,full
BMW,23500,crossover,74,2,Petrol,yes,2010,5 Series,rear
BMW,0,crossover,4,4.4,Petrol,yes,2016,5 Series,full
BMW,24500,crossover,195,4.8,Petrol,yes,2007,5 Series,full
BMW,66500,crossover,0,2,Other,yes,2016,5 Series,full
BMW,27900,crossover,140,3,Diesel,yes,2009,5 Series,full
BMW,2700,sedan,220,2.5,Petrol,no,2002,5 Series,rear
BMW,8100,sedan,246,3,Diesel,yes,2000,5 Series,rear
BMW,23900,crossover,60,2,Petrol,yes,2013,5 Series,rear
BMW,34900,crossover,110,4.4,Petrol,yes,2010,5 Series,full
BMW,44000,crossover,80,3,Diesel,yes,2012,5 Series,full
BMW,60500,crossover,1,2,Diesel,yes,2016,5 Series,full
BMW,8900,sedan,250,2.5,Petrol,yes,2000,5 Series,rear
BMW,45000,sedan,29,2,Diesel,yes,2016,5 Series,rear
BMW,25000,crossover,130,3,Diesel,yes,2012,5 Series,full
BMW,45500,other,26,2,Diesel,yes,2015,5 Series,rear
BMW,9500,sedan,400,3.5,Gas,yes,1999,5 Series,rear
BMW,14990,sedan,135,2.5,Petrol,yes,2005,5 Series,full
BMW,0,crossover,15,4.39,Petrol,yes,2015,5 Series,full
BMW,14000,crossover,164,3,Diesel,no,2006,5 Series,full
BMW,67431,crossover,0,2,Diesel,yes,2016,5 Series,full
BMW,40755,sedan,0,2,Petrol,yes,2016,5 Series,rear
BMW,37976.25,sedan,0,2,Petrol,yes,2016,5 Series,rear
BMW,65393.25,crossover,0,2,Diesel,yes,2016,5 Series,full
BMW,70000,sedan,16,3,Diesel,yes,2014,5 Series,full
BMW,1900,sedan,200,1.8,Gas,no,1994,5 Series,rear
BMW,9500,sedan,217,2.2,Petrol,yes,2002,5 Series,rear
BMW,3900,sedan,330,3,Diesel,no,2000,5 Series,rear
BMW,5300,sedan,147,2.2,Gas,no,2001,5 Series,rear
BMW,0,crossover,16,NA,Other,yes,2016,5 Series,
BMW,0,sedan,1,3,Petrol,yes,2010,5 Series,rear
BMW,10999,other,162,2.2,Petrol,yes,2002,5 Series,rear
BMW,24700,other,85,4.4,Petrol,yes,2004,5 Series,rear
BMW,75555,sedan,30,4.4,Petrol,yes,2014,5 Series,full
BMW,37500,crossover,115,3,Diesel,yes,2008,5 Series,full
BMW,6500,sedan,280,2,Petrol,yes,1997,5 Series,rear
BMW,6899,vagon,320,2.8,Gas,yes,1997,5 Series,rear
BMW,21700,crossover,125,3,Petrol,yes,2007,5 Series,full
BMW,6900,sedan,238,3.5,Petrol,yes,1999,5 Series,rear
BMW,4100,sedan,26,3,Diesel,no,2001,5 Series,rear
BMW,14200,sedan,135,3,Gas,yes,2004,5 Series,rear
BMW,3300,sedan,233,28,Petrol,no,1997,5 Series,rear
BMW,42900,sedan,2,2,Petrol,yes,2016,5 Series,rear
BMW,7000,sedan,400,2.8,Petrol,yes,1998,5 Series,rear
BMW,48550,other,147,4,Diesel,yes,2012,5 Series,full
BMW,5400,sedan,404,2.5,Petrol,yes,1992,5 Series,rear
BMW,27500,sedan,170,2,Diesel,yes,2011,5 Series,rear
BMW,8800,crossover,284,3,Diesel,no,2004,5 Series,full
BMW,4500,sedan,28,1.9,Petrol,yes,1995,5 Series,
BMW,3800,sedan,250,3,Diesel,no,2002,5 Series,rear
BMW,12200,sedan,239,3,Diesel,yes,2001,5 Series,rear
BMW,4500,sedan,230,4,Gas,yes,1994,5 Series,rear
BMW,2300,sedan,189,1.8,Petrol,no,2002,5 Series,rear
BMW,14500,sedan,215,NA,Petrol,yes,2006,5 Series,full
BMW,20500,crossover,285,4.8,Petrol,yes,2006,5 Series,full
BMW,3999,sedan,250,3,Diesel,no,2000,5 Series,rear
BMW,5000,other,75,1.9,Petrol,no,1998,5 Series,rear
BMW,25000,crossover,150,30,Petrol,yes,2007,5 Series,full
BMW,33000,crossover,200,3,Diesel,yes,2010,5 Series,full
BMW,14300,sedan,217,3,Diesel,yes,2005,5 Series,rear
BMW,13200,sedan,150,2.2,Petrol,yes,2004,5 Series,rear
BMW,25500,crossover,210,3,Gas,yes,2008,5 Series,
BMW,2500,vagon,250,2.5,Diesel,no,2000,5 Series,rear
BMW,3950,sedan,300,2,Petrol,yes,1986,5 Series,rear
BMW,8400,sedan,297,2.2,Petrol,yes,2000,5 Series,rear
BMW,19900,other,129,2,Petrol,yes,2008,5 Series,rear
BMW,5850,sedan,250,4.5,Gas,yes,2001,5 Series,rear
BMW,2600,sedan,250,1.6,Petrol,yes,1996,5 Series,rear
BMW,42000,sedan,71,2.99,Petrol,yes,2011,5 Series,full
BMW,3400,vagon,191,2,Diesel,no,2002,5 Series,rear
BMW,13500,sedan,138,2.5,Petrol,yes,2004,5 Series,rear
BMW,4850,sedan,280,3,Diesel,no,1999,5 Series,rear
BMW,4700,sedan,200,2.5,Petrol,yes,1995,5 Series,rear
BMW,75000,crossover,20,3,Diesel,yes,2014,5 Series,full
BMW,17200,crossover,308,4.6,Gas,yes,2003,5 Series,full
BMW,0,sedan,65,2,Petrol,yes,2012,5 Series,rear
BMW,45000,crossover,80,3,Petrol,yes,2011,5 Series,full
BMW,28000,sedan,127,2.5,Petrol,yes,2010,5 Series,rear
BMW,23500,crossover,180,4.8,Petrol,yes,2008,5 Series,full
BMW,21700,crossover,101,2.5,Gas,yes,2007,5 Series,full
BMW,15250,other,144,3,Petrol,yes,2004,5 Series,rear
BMW,10600,sedan,285,2,Diesel,yes,2007,5 Series,
BMW,26900,crossover,140,4.8,Petrol,yes,2009,5 Series,full
BMW,57000,other,20,3.5,Petrol,yes,2013,5 Series,
BMW,10800,sedan,180,2,Petrol,yes,2002,5 Series,rear
BMW,4300,sedan,240,2.5,Diesel,no,2002,5 Series,rear
BMW,42500,crossover,29,3,Petrol,yes,2011,5 Series,full
BMW,38000,sedan,61,NA,Petrol,yes,2013,5 Series,rear
BMW,33500,sedan,65,2,Petrol,yes,2013,5 Series,rear
BMW,32000,crossover,138,3,Petrol,yes,2009,5 Series,full
BMW,8100,crossover,175,3,Gas,no,2005,5 Series,full
BMW,14000,crossover,240,4.4,Gas,yes,2002,5 Series,full
BMW,18000,sedan,180,2,Other,no,2011,5 Series,rear
BMW,9500,sedan,315,2.5,Diesel,yes,2001,5 Series,rear
BMW,8200,sedan,238,3,Diesel,no,2004,5 Series,rear
BMW,71500,crossover,19,2.5,Diesel,yes,2015,5 Series,full
BMW,8999,other,160,1.8,Petrol,yes,1997,5 Series,rear
BMW,4900,sedan,295,2,Petrol,yes,1994,5 Series,rear
BMW,28000,crossover,116,NA,Petrol,yes,2008,5 Series,full
BMW,34500,sedan,45,2,Petrol,yes,2013,5 Series,full
BMW,23000,other,100,NA,Other,yes,2005,5 Series,
BMW,3200,sedan,178,1.9,Petrol,no,2001,5 Series,rear
BMW,5400,crossover,250,3,Petrol,no,2003,5 Series,full
BMW,5500,sedan,402,2,Petrol,yes,1988,5 Series,
BMW,32500,sedan,131,2,Diesel,yes,2010,5 Series,rear
BMW,2666,sedan,360,2.5,Diesel,no,1996,5 Series,rear
BMW,27300,sedan,155,2,Diesel,yes,2012,5 Series,rear
BMW,51000,sedan,97,3,Diesel,yes,2011,5 Series,rear
BMW,38500,sedan,140,2,Diesel,yes,2012,5 Series,rear
BMW,45200,crossover,68,3,Diesel,yes,2012,5 Series,full
BMW,32500,sedan,134,2,Diesel,yes,2010,5 Series,rear
BMW,5000,sedan,270,3,Diesel,yes,2000,5 Series,rear
BMW,11500,sedan,290,3,Diesel,yes,2001,5 Series,rear
BMW,117000,crossover,1,NA,Other,yes,2016,5 Series,
BMW,3700,other,110,2.5,Petrol,yes,1983,5 Series,rear
BMW,6700,sedan,370,2,Petrol,yes,1997,5 Series,rear
BMW,13000,sedan,220,2.5,Petrol,yes,2005,5 Series,rear
BMW,15299,other,136,NA,Petrol,yes,2008,5 Series,rear
BMW,7400,sedan,277,3.5,Gas,yes,1998,5 Series,rear
BMW,4700,sedan,230,2.5,Petrol,yes,1990,5 Series,rear
BMW,11900,sedan,300,2.5,Gas,yes,2004,5 Series,rear
BMW,18500,crossover,250,4.4,Gas,yes,2005,5 Series,full
BMW,7000,sedan,338,NA,Petrol,yes,1997,5 Series,rear
BMW,48900,crossover,60,3,Diesel,yes,2011,5 Series,full
BMW,25500,crossover,187,4.8,Gas,yes,2007,5 Series,
BMW,25999,sedan,80,2,Petrol,yes,2012,5 Series,rear
BMW,24100,vagon,112,3,Petrol,yes,2011,5 Series,full
BMW,8000,crossover,214,4.4,Petrol,no,2000,5 Series,full
BMW,14300,sedan,198,NA,Petrol,yes,2005,5 Series,rear
BMW,15200,sedan,227,2.5,Petrol,yes,2008,5 Series,rear
BMW,9000,sedan,245,3,Diesel,yes,2001,5 Series,rear
BMW,6600,sedan,285,2.5,Petrol,yes,1999,5 Series,rear
BMW,26800,sedan,47,2,Petrol,yes,2013,5 Series,rear
BMW,65500,crossover,1,2,Diesel,yes,2016,5 Series,full
BMW,33000,sedan,60,NA,Petrol,yes,2012,5 Series,rear
BMW,22100,hatch,42,1.6,Petrol,yes,2013,5 Series,rear
BMW,11600,sedan,142,2,Petrol,yes,2005,5 Series,rear
BMW,9000,sedan,225,2.2,Gas,yes,2002,5 Series,rear
BMW,2650,vagon,335,2,Petrol,no,2000,5 Series,rear
BMW,4600,sedan,340,2,Gas,yes,1995,5 Series,rear
BMW,41000,crossover,80,3,Petrol,yes,2012,5 Series,full
BMW,9000,sedan,175,3,Petrol,no,2006,5 Series,full
BMW,2200,sedan,460,2.4,Diesel,yes,1988,5 Series,rear
BMW,137000,crossover,2,4.4,Petrol,yes,2016,5 Series,full
BMW,7777,other,375,4,Diesel,yes,2000,5 Series,
BMW,10500,hatch,220,2,Petrol,yes,2005,5 Series,rear
BMW,16400,sedan,187,4.8,Gas,yes,2007,5 Series,rear
BMW,3499,sedan,101,2.5,Petrol,yes,1990,5 Series,rear
BMW,18500,sedan,114,2,Gas,yes,2008,5 Series,rear
BMW,36900,sedan,81,3,Diesel,yes,2010,5 Series,rear
BMW,2200,sedan,290,2.5,Gas,yes,1997,5 Series,
BMW,17300,sedan,180,3,Diesel,yes,2007,5 Series,rear
BMW,7800,sedan,310,2,Gas,yes,2000,5 Series,rear
BMW,32900,crossover,90,3,Petrol,yes,2008,5 Series,full
BMW,36500,sedan,33,2,Diesel,yes,2014,5 Series,rear
BMW,19900,other,95,4.5,Petrol,yes,2005,5 Series,rear
BMW,27900,sedan,38,2,Petrol,yes,2013,5 Series,rear
BMW,23500,crossover,140,4.8,Petrol,yes,2008,5 Series,full
BMW,8700,other,212,3,Diesel,no,2004,5 Series,rear
BMW,2850,sedan,386,5,Gas,yes,1988,5 Series,rear
BMW,6100,sedan,205,1.8,Petrol,yes,2001,5 Series,rear
BMW,72900,crossover,16,3,Diesel,yes,2015,5 Series,full
BMW,8900,sedan,234,3.5,Gas,yes,1999,5 Series,rear
BMW,11700,sedan,316,NA,Diesel,yes,2001,5 Series,rear
BMW,2050,vagon,300,2.5,Diesel,no,1997,5 Series,rear
BMW,4000,sedan,335,2,Diesel,no,1999,5 Series,rear
BMW,58500,crossover,80,3,Diesel,yes,2013,5 Series,full
BMW,58500,crossover,80,3,Diesel,yes,2013,5 Series,full
BMW,3600,sedan,221,3,Diesel,no,2002,5 Series,rear
BMW,18000,crossover,280,3,Diesel,yes,2005,5 Series,full
BMW,5900,hatch,243,2,Petrol,no,2006,5 Series,
BMW,1400,sedan,260,1.8,Petrol,no,1996,5 Series,rear
BMW,22600,crossover,69,3,Petrol,no,2013,5 Series,full
BMW,16700,crossover,260,4.4,Petrol,yes,2003,5 Series,full
BMW,16100,crossover,194,3,Diesel,yes,2004,5 Series,full
BMW,46800,sedan,33,2,Diesel,yes,2014,5 Series,rear
BMW,15400,vagon,179,2,Diesel,yes,2007,5 Series,front
BMW,7400,sedan,285,4.4,Gas,yes,1997,5 Series,rear
BMW,12700,hatch,130,2,Petrol,yes,2007,5 Series,rear
BMW,12800,sedan,194,4.4,Gas,yes,2002,5 Series,rear
BMW,3500,hatch,1,2,Petrol,yes,2006,5 Series,rear
BMW,33500,sedan,1,1.5,Petrol,yes,2015,5 Series,rear
BMW,5000,sedan,305,2,Petrol,yes,1995,5 Series,rear
BMW,24999,vagon,24,2,Petrol,yes,2012,5 Series,rear
BMW,5000,sedan,400,2,Petrol,yes,1991,5 Series,rear
BMW,0,crossover,6,4.4,Petrol,yes,2016,5 Series,full
BMW,36900,crossover,82,3,Petrol,yes,2010,5 Series,full
BMW,8400,sedan,220,2.2,Gas,yes,2001,5 Series,rear
BMW,8850,vagon,280,2.5,Diesel,yes,2000,5 Series,rear
BMW,13700,sedan,122,2,Petrol,yes,2007,5 Series,rear
BMW,4800,vagon,400,2.5,Diesel,yes,1994,5 Series,rear
BMW,62900,crossover,1,2,Diesel,yes,2016,5 Series,full
BMW,47000,other,5,2,Petrol,yes,2014,5 Series,rear
BMW,8100,vagon,180,2,Diesel,no,2011,5 Series,front
BMW,19900,other,218,3,Petrol,yes,2007,5 Series,rear
BMW,34900,vagon,136,2,Diesel,yes,2012,5 Series,rear
BMW,21000,hatch,79,1.6,Petrol,yes,2013,5 Series,rear
BMW,6500,sedan,1,3,Petrol,yes,1995,5 Series,rear
BMW,45500,sedan,42,2,Diesel,yes,2014,5 Series,rear
BMW,11700,sedan,270,3,Diesel,yes,2003,5 Series,rear
BMW,5800,other,400,2,Petrol,yes,1998,5 Series,rear
BMW,31000,vagon,15,NA,Other,yes,2015,5 Series,front
BMW,4100,sedan,350,2.4,Diesel,yes,1992,5 Series,rear
BMW,8500,sedan,245,2.2,Petrol,yes,2002,5 Series,rear
BMW,11800,crossover,210,3,Diesel,no,2006,5 Series,full
BMW,3700,sedan,305,1.9,Petrol,no,2000,5 Series,rear
BMW,2800,sedan,300,1.8,Other,yes,1987,5 Series,rear
BMW,6499,other,230,3,Diesel,no,2002,5 Series,
BMW,0,sedan,145,2,Diesel,yes,2007,5 Series,rear
BMW,10800,other,191,2.2,Petrol,yes,2002,5 Series,rear
BMW,5800,sedan,270,4.4,Petrol,yes,1996,5 Series,rear
BMW,12500,crossover,176,3,Gas,yes,2002,5 Series,full
BMW,12800,sedan,140,2.2,Petrol,yes,2005,5 Series,rear
BMW,22500,other,100,3,Petrol,yes,2007,5 Series,rear
BMW,19000,crossover,215,3,Diesel,yes,2006,5 Series,full
BMW,17700,sedan,98,2,Petrol,yes,2011,5 Series,rear
BMW,51500,crossover,23,3,Petrol,yes,2013,5 Series,full
BMW,39900,crossover,82,3,Petrol,yes,2011,5 Series,full
BMW,18777,sedan,134,4.4,Petrol,yes,2005,5 Series,rear
BMW,4950,sedan,1,3,Petrol,yes,1996,5 Series,rear
BMW,23900,crossover,162,4.8,Petrol,yes,2007,5 Series,full
BMW,64999,sedan,15,3,Petrol,yes,2012,5 Series,rear
BMW,11900,sedan,1,2.8,Petrol,yes,2002,5 Series,rear
BMW,13000,sedan,90,5,Petrol,no,2008,5 Series,rear
BMW,37500,other,55,2,Petrol,yes,2014,5 Series,rear
BMW,18700,crossover,260,3,Diesel,yes,2006,5 Series,full
BMW,13950,crossover,278,3,Diesel,yes,2003,5 Series,full
BMW,19500,sedan,190,6,Petrol,yes,2004,5 Series,rear
BMW,52222,hatch,3,2,Diesel,yes,2016,5 Series,full
BMW,6699,sedan,299,2.2,Petrol,yes,2001,5 Series,rear
BMW,9100,sedan,230,2,Gas,yes,2004,5 Series,rear
BMW,3000,sedan,350,99.99,Other,yes,1992,5 Series,rear
BMW,17800,vagon,159,3,Diesel,yes,2008,5 Series,rear
BMW,7400,sedan,279,3.5,Gas,yes,1998,5 Series,rear
BMW,0,crossover,0,2,Diesel,yes,2016,X5,full
BMW,0,hatch,107,2,Petrol,yes,2006,118,rear
BMW,68500,sedan,43,4.4,Petrol,yes,2013,750,full
BMW,65000,crossover,58,4.4,Petrol,yes,2014,X5,full
BMW,18100,crossover,200,4.8,Petrol,yes,2005,X5,full
BMW,52300,sedan,55,3,Diesel,yes,2013,5 Series GT,full
BMW,8500,sedan,352,2.17,Petrol,yes,2001,520,front
BMW,2899,sedan,340,2.4,Diesel,yes,1988,524,rear
BMW,13000,sedan,193,3.6,Petrol,yes,2003,735,rear
BMW,5650,sedan,284,2,Petrol,yes,1998,520,rear
BMW,32500,vagon,162,3,Diesel,yes,2012,530,rear
BMW,9500,sedan,339,3,Diesel,yes,2001,530,rear
BMW,6500,sedan,272,2.8,Petrol,yes,1996,328,rear
BMW,34000,sedan,115,5,Petrol,yes,2008,750,full
BMW,4800,sedan,111,2.5,Gas,yes,1991,525,rear
BMW,27000,sedan,137,5,Other,yes,2005,M5,
BMW,10900,sedan,375,4.4,Gas,yes,2001,740,rear
BMW,22000,other,138,4.8,Petrol,yes,2007,650,rear
BMW,2700,other,287,2.5,Diesel,no,1998,525,rear
BMW,0,sedan,43,3,Petrol,yes,2011,535,
BMW,4099,sedan,50,2.5,Petrol,yes,1988,520,rear
BMW,3500,sedan,313,2.5,Diesel,yes,1994,325,rear
BMW,64900,crossover,73,3,Diesel,yes,2013,5 Series,full
BMW,7250,sedan,300,2.8,Petrol,yes,1999,528,rear
BMW,42000,crossover,128,4.4,Petrol,yes,2011,X5 M,full
BMW,15000,crossover,85,4.8,Petrol,no,2010,X5,full
BMW,8900,sedan,240,2,Diesel,yes,2001,320,rear
BMW,4300,other,280,2.5,Petrol,yes,1985,325,rear
BMW,23700,crossover,117,2,Diesel,yes,2010,X1,rear
BMW,40000,crossover,48,4.4,Petrol,yes,2009,X6,full
BMW,37500,crossover,110,4.4,Petrol,yes,2011,X6,full
BMW,9800,sedan,264,3,Diesel,yes,2001,530,rear
BMW,6300,sedan,270,3.5,Petrol,yes,1998,735,rear
BMW,6500,sedan,320,3,Gas,yes,2000,530,rear
BMW,6800,sedan,230,2,Petrol,yes,1998,520,rear
BMW,7700,sedan,326,2.8,Petrol,yes,1998,528,rear
BMW,0,crossover,0,3,Diesel,yes,2016,X5,full
BMW,51500,hatch,77,3,Petrol,yes,2012,535,full
BMW,42000,crossover,33,2,Petrol,yes,2014,X3,full
BMW,9999,sedan,271,3,Diesel,yes,2001,530,rear
BMW,45500,crossover,76,4.4,Petrol,yes,2010,530,full
BMW,5900,sedan,390,1.8,Gas,yes,1996,530,rear
BMW,133000,crossover,7,4.4,Petrol,yes,2015,530,full
BMW,0,crossover,0,3,Diesel,yes,2016,530,full
BMW,112000,sedan,16,3,Diesel,yes,2015,530,full
BMW,39000,crossover,38,3,Petrol,yes,2009,530,full
BMW,39500,crossover,115,4.4,Petrol,yes,2010,530,full
BMW,6800,sedan,297,2.5,Petrol,yes,2000,530,rear
BMW,24500,sedan,114,NA,Petrol,yes,2005,530,rear
BMW,30500,crossover,147,3,Diesel,yes,2008,530,full
BMW,52300,sedan,55,3,Diesel,yes,2013,530,full
BMW,10600,sedan,1,3,Diesel,yes,2000,530,rear
BMW,8700,sedan,355,3,Diesel,yes,2000,530,rear
BMW,32000,crossover,108,3,Petrol,yes,2008,530,full
BMW,6500,sedan,388,3.5,Petrol,yes,1998,530,rear
BMW,5900,sedan,10,2.8,Petrol,yes,1989,530,rear
BMW,7998,sedan,253,NA,Petrol,yes,1998,530,rear
BMW,17800,crossover,265,3,Diesel,yes,2005,530,full
BMW,41000,sedan,97,4.4,Petrol,yes,2011,530,full
BMW,6399,sedan,282,2,Petrol,yes,1995,530,rear
BMW,5300,sedan,204,1.8,Petrol,yes,1993,530,rear
BMW,37700,crossover,108,3,Petrol,yes,2011,530,full
BMW,3999,sedan,238,1.8,Petrol,yes,1996,530,rear
BMW,47777,crossover,142,3,Other,yes,2011,3 Series,full
BMW,85555,sedan,10,3,Other,yes,2015,3 Series,full
BMW,30000,sedan,78,3.8,Petrol,yes,1993,3 Series,rear
BMW,1900,vagon,285,2.5,Diesel,no,1997,3 Series,rear
BMW,0,sedan,99,4.4,Petrol,yes,2013,3 Series,full
BMW,5500,sedan,200,3.5,Gas,yes,1998,3 Series,rear
BMW,7100,sedan,313,2,Gas,yes,1997,3 Series,rear
BMW,8999,sedan,270,2.8,Petrol,yes,1998,3 Series,rear
BMW,47300,crossover,10,2,Diesel,yes,2016,3 Series,full
BMW,3990,sedan,350,2.5,Petrol,yes,1995,3 Series,rear
BMW,55500,crossover,90,3,Diesel,yes,2013,3 Series,full
BMW,22500,sedan,179,3,Diesel,yes,2007,3 Series,rear
BMW,9900,other,93,2.5,Petrol,yes,2003,3 Series,rear
BMW,39900,sedan,5,2,Petrol,yes,2016,3 Series,rear
BMW,115800,crossover,4,3,Diesel,yes,2016,3 Series,full
BMW,21700,sedan,259,3,Diesel,yes,2007,3 Series,rear
BMW,24500,crossover,170,3,Diesel,yes,2006,3 Series,full
BMW,20000,sedan,230,6,Petrol,yes,2008,3 Series,rear
BMW,16999,other,90,2.5,Petrol,yes,2008,3 Series,full
BMW,8300,sedan,197,3,Petrol,yes,2001,3 Series,rear
BMW,3800,sedan,278,2.9,Diesel,no,2001,3 Series,rear
BMW,3100,sedan,280,2,Diesel,no,1999,3 Series,rear
BMW,4100,sedan,200,2.7,Petrol,yes,1988,3 Series,rear
BMW,9700,sedan,250,2,Petrol,yes,2003,3 Series,rear
BMW,3000,sedan,294,2,Diesel,no,1999,3 Series,rear
BMW,16800,sedan,154,3,Petrol,yes,2006,3 Series,full
BMW,77000,other,64,4.4,Petrol,yes,2012,3 Series,
BMW,11800,sedan,218,2,Petrol,yes,2006,320,rear
BMW,4400,sedan,300,2,Petrol,yes,1995,520,rear
BMW,41500,crossover,176,3,Diesel,yes,2012,Series 1,full
BMW,5500,sedan,249,NA,Other,yes,1995,Series 1,rear
BMW,21335,other,105,3,Petrol,yes,2008,Series 1,rear
BMW,8100,sedan,245,2,Diesel,no,2007,Series 1,rear
BMW,2900,sedan,280,2.5,Diesel,no,1997,Series 1,rear
BMW,6800,sedan,325,NA,Other,no,2005,Series 1,
BMW,8900,vagon,274,2,Diesel,no,2007,Series 1,rear
BMW,2499,sedan,210,1.8,Petrol,no,2000,Series 1,rear
BMW,2200,sedan,290,1.6,Petrol,yes,1985,328,rear
BMW,77777,sedan,8,4.4,Petrol,yes,2014,328,full
BMW,2299,sedan,200,1.8,Petrol,no,1999,328,front
BMW,44800,sedan,63,4.4,Petrol,yes,2012,Series 1,rear
